耐久3	
精细3	
外部3	
耐久1	
耐久1	
外观3	
保障3	
外观3	
精细3	
保障3	
舒适3	
外观3	
外部2	
保障3	
精细2	
精细3	
精细3	
外观3	
外观3	
外观3	
外部1	
舒适3	
精细3	
服务专业性3	
外部1	
服务专业性3	
保障3	
外部3	
舒适3	
保障3	
外观2	
外观2	
保障3	
保障3	
外观2	
保障2	
外观3	
精细3	
补偿合理性1	
补偿合理性1	
舒适3	
外观3	
外观3	
精细3	
外部3	
精细3	
外观2	
舒适2	
外观3	
外观1	
舒适2	
舒适3	
外部3	
外部2	
服务专业性1	
信息安全性1	
服务专业性3	
精细3	
保障2	
服务专业性1	
服务专业性3	
舒适3	
外观2	
外部3	
精细2	
外观3	
精细3	
舒适3	
精细1	
外观3	
外观3	
精细3	
精细3	
外观3	
外观3	
精细2	
服务专业性3	
外观3	
舒适3	
保障3	
外观3	
外部3	
保障2	
保障3	
精细3	
保障3	
外部3	
精细3	
外部2	
外部3	
外观3	
精细1	
精细3	
舒适3	
舒适1	
外观3	
舒适3	
外部1	
精细2	
精细3	
精细3	
精细3	
保障3	
保障3	
外部3	
外观3	
保障3	
外部3	
外观3	
外观3	
外观2	
耐久1	
外观3	
外观2	
外观3	
保障3	
外部3	
精细3	
外观1	
外观3	
舒适3	
精细3	
保障3	
舒适3	
保障3	
精细3	
精细1	
服务专业性3	
外观3	
服务专业性3	
精细3	
外观3	
外观3	
牌证1	
外观2	
精细1	
外观3	
精细3	
外观3	
外部3	
外部3	
服务专业性3	
沟通有效性2	
服务专业性2	
保障1	
精细1	
外部1	
服务专业性1	
服务专业性3	
服务专业性3	
外部1	
舒适2	
外观2	
外观1	
外部3	
外部3	
外观3	
精细3	
外观3	
精细3	
外观3	
外部3	
外观1	
舒适3	
保障3	
精细3	
精细3	
精细1	
外部3	
外部3	
舒适3	
服务专业性1	
精细1	
沟通有效性3	
保障3	
舒适3	
精细3	
服务专业性3	
沟通有效性3	
精细1	
外部2	
精细1	
牌证1	
保障2	
保障1	
外观3	
舒适3	
保障1	
保障1	
舒适3	
外观3	
服务专业性1	
服务专业性1	
舒适3	
保障3	
沟通有效性3	
外部3	
精细3	
外观3	
外部2	
牌证1	
保障1	
牌证1	
精细3	
保障3	
舒适2	
舒适2	
沟通有效性3	
精细3	
外观3	
外观3	
精细3	
精细3	
精细3	
耐久1	
精细1	
保障3	
保障3	
保障3	
舒适3	
舒适3	
外观3	
保障3	
精细3	
外观3	
外部3	
外观3	
精细3	
外部3	
外部1	
外部1	
保障3	
舒适3	
保障3	
外观3	
信息安全性1	
外部1	
沟通有效性1	
补偿合理性1	
外部1	
外部1	
精细1	
精细3	
精细1	
服务专业性1	
保障3	
外部3	
精细3	
外观3	
外部3	
服务专业性3	
保障3	
外观3	
外观3	
精细3	
保障3	
保障1	
外观3	
保障3	
服务专业性3	
外观3	
外观3	
保障3	
精细3	
外观3	
舒适3	
外部3	
外部3	
精细3	
精细3	
耐久3	
精细3	
外观3	
外观3	
保障1	
保障1	
舒适2	
精细3	
外观3	
保障3	
外部3	
服务专业性1	
响应及时性1	
服务专业性3	
外部3	
外部3	
外部1	
外观3	
服务专业性2	
外观3	
精细3	
外观3	
精细1	
外观1	
外观1	
精细1	
服务专业性3	
精细3	
舒适2	
沟通有效性3	
精细3	
外观3	
舒适3	
外部3	
精细3	
外部3	
外观3	
外观3	
外观3	
服务专业性3	
外观3	
保障3	
舒适3	
外观3	
精细3	
外观3	
舒适3	
舒适3	
精细2	
外观3	
舒适3	
服务专业性3	
外部3	
精细3	
外部3	
外部3	
服务专业性3	
外观3	
外观3	
耐久3	
外观1	
外观3	
外部3	
外部3	
外部3	
外部3	
沟通有效性3	
外部3	
精细3	
外观3	
外部3	
精细2	
牌证1	
外部2	
精细3	
外观3	
外观3	
外观3	
沟通有效性3	
响应及时性3	
外观3	
精细3	
舒适3	
外部3	
保障3	
舒适3	
外部3	
外观2	
精细3	
外观3	
精细1	
外观3	
精细3	
精细3	
舒适3	
精细3	
舒适3	
精细3	
舒适3	
外部3	
保障3	
保障3	
舒适3	
外部3	
外部3	
响应及时性3	
服务专业性2	
外观2	
保障3	
外部3	
外观3	
外观3	
外观3	
精细3	
保障3	
保障3	
舒适3	
外观1	
舒适3	
沟通有效性3	
精细3	
服务专业性3	
耐久1	
服务专业性3	
舒适3	
外观3	
外观3	
保障2	
外观3	
精细3	
保障1	
舒适2	
保障2	
精细3	
保障3	
舒适3	
外观3	
外观3	
外部3	
外观3	
精细3	
外观3	
外观3	
外部3	
外部3	
保障3	
耐久1	
舒适3	
保障3	
舒适3	
舒适3	
服务专业性1	
外部3	
外部3	
外部3	
外部3	
服务专业性3	
服务专业性3	
服务专业性3	
外观3	
外观3	
精细3	
舒适3	
外观3	
精细3	
精细3	
精细3	
保障3	
响应及时性3	
沟通有效性3	
保障2	
外部3	
精细3	
精细3	
服务专业性1	
保障3	
服务专业性2	
舒适3	
外观3	
外观3	
保障3	
舒适3	
保障2	
精细1	
耐久1	
沟通有效性1	
沟通有效性1	
补偿合理性1	
精细3	
保障3	
外观3	
精细3	
舒适3	
精细2	
精细3	
精细3	
精细2	
精细2	
服务专业性3	
精细3	
精细3	
精细2	
外观2	
精细3	
精细3	
精细3	
保障2	
外部3	
外部3	
外部3	
精细3	
外观3	
精细3	
舒适3	
外部1	
保障2	
精细1	
舒适3	
沟通有效性3	
服务专业性3	
外观3	
精细3	
保障3	
保障3	
保障3	
外部2	
保障2	
沟通有效性2	
精细2	
耐久2	
外观1	
保障3	
保障3	
精细3	
精细1	
响应及时性3	
保障3	
服务专业性3	
外观3	
精细3	
服务专业性1	
精细2	
精细3	
保障3	
舒适3	
服务专业性3	
精细1	
精细1	
保障1	
保障1	
舒适1	
精细1	
外部3	
外观3	
外观3	
外部3	
保障3	
精细3	
外部3	
外观3	
保障3	
外部3	
外部3	
精细3	
精细3	
服务专业性3	
服务专业性1	
精细3	
舒适3	
保障3	
精细3	
服务专业性3	
精细1	
服务专业性3	
服务专业性3	
外观3	
服务专业性3	
保障3	
保障3	
外部3	
精细3	
精细3	
外部3	
服务专业性3	
外观3	
精细3	
外观3	
舒适3	
保障2	
服务专业性3	
外观3	
舒适3	
外部3	
精细3	
外部3	
服务专业性3	
服务专业性3	
外部2	
外部3	
外部3	
舒适3	
外观3	
舒适2	
保障2	
保障3	
保障3	
外观2	
保障2	
舒适2	
保障3	
舒适3	
精细3	
外部3	
舒适3	
服务专业性2	
保障3	
外观3	
沟通有效性3	
服务专业性3	
精细3	
精细3	
外观3	
保障3	
精细3	
外观3	
外观3	
外观3	
外部2	
保障3	
牌证2	
沟通有效性3	
舒适1	
服务专业性1	
沟通有效性1	
信息安全性1	
沟通有效性1	
舒适3	
服务专业性1	
服务专业性1	
补偿合理性1	
舒适3	
舒适1	
外观3	
信息安全性3	
保障3	
保障2	
外观2	
外观3	
保障3	
保障3	
外部3	
保障3	
外观3	
沟通有效性1	
服务专业性2	
精细3	
精细2	
响应及时性3	
服务专业性3	
外观3	
保障3	
保障3	
保障3	
舒适3	
沟通有效性3	
服务专业性3	
服务专业性3	
舒适3	
服务专业性3	
舒适3	
精细1	
精细1	
舒适3	
外观1	
外观2	
外部3	
外部3	
保障3	
外观3	
服务专业性3	
精细3	
外观3	
外观3	
外观3	
外部3	
外部3	
外部3	
外观3	
外部3	
精细3	
外部3	
舒适3	
精细3	
外观3	
精细3	
服务专业性3	
外观3	
服务专业性3	
舒适3	
外观3	
耐久3	
沟通有效性3	
保障3	
舒适3	
保障1	
保障3	
外观3	
外部2	
服务专业性3	
保障3	
舒适3	
外观3	
精细3	
舒适1	
精细3	
精细1	
外观3	
精细3	
外部3	
外观3	
精细3	
外部3	
外观3	
外观3	
保障3	
外观3	
耐久1	
外观2	
外部3	
外部3	
外观3	
外观3	
舒适3	
精细3	
外观3	
保障3	
保障3	
精细3	
沟通有效性1	
舒适2	
精细3	
外观3	
外观3	
舒适3	
服务专业性2	
精细3	
保障3	
外部3	
沟通有效性3	
沟通有效性3	
精细3	
舒适3	
保障3	
耐久3	
外观3	
服务专业性3	
舒适3	
外观3	
外观3	
外观3	
保障3	
精细3	
精细3	
外观3	
舒适3	
精细3	
精细3	
外部3	
外观3	
精细3	
外观3	
耐久1	
保障3	
耐久1	
保障1	
外部2	
保障3	
外部3	
精细3	
精细3	
外观3	
精细3	
精细1	
保障3	
耐久3	
舒适3	
舒适3	
精细3	
舒适2	
精细3	
外部3	
外部2	
外观3	
舒适3	
服务专业性3	
精细3	
精细3	
精细3	
保障3	
精细3	
外部3	
舒适3	
舒适3	
外部2	
精细3	
外观3	
精细2	
保障3	
精细3	
外部3	
外部3	
精细3	
外观1	
外观3	
舒适3	
舒适3	
保障3	
外观3	
保障3	
精细3	
外观3	
耐久3	
精细3	
保障3	
精细3	
精细3	
精细3	
外观3	
外观3	
保障3	
外观3	
精细2	
精细3	
精细3	
精细3	
外部3	
外观3	
精细3	
保障3	
精细3	
沟通有效性3	
服务专业性3	
沟通有效性3	
服务专业性3	
保障3	
外观3	
外观2	
精细2	
外部1	
保障3	
舒适3	
外部3	
牌证1	
外观3	
外观3	
外部3	
舒适3	
服务专业性2	
保障3	
舒适3	
外部3	
外部3	
外部2	
精细3	
外观3	
外观3	
保障3	
服务专业性3	
精细3	
外观3	
保障3	
保障3	
外观3	
保障2	
外观2	
服务专业性3	
外部3	
保障3	
外部3	
服务专业性3	
外观3	
保障3	
精细3	
精细3	
精细3	
保障3	
外部1	
保障3	
外观3	
保障3	
保障3	
服务专业性2	
精细3	
舒适3	
外观3	
精细3	
服务专业性3	
外部3	
外观3	
外观3	
精细3	
外观3	
沟通有效性3	
外观3	
外观3	
外部3	
外观1	
外观3	
耐久3	
保障3	
耐久3	
舒适3	
外观3	
外观3	
外部2	
外观3	
精细3	
外部3	
精细3	
舒适3	
舒适3	
外部3	
保障3	
保障3	
保障3	
舒适1	
舒适3	
外观3	
舒适3	
外观3	
外部2	
舒适3	
外观2	
外观1	
外部2	
外观3	
外观2	
服务专业性3	
保障3	
精细3	
保障3	
精细3	
外观3	
外部3	
外观3	
保障3	
精细3	
外观3	
精细3	
外观3	
舒适2	
外部3	
精细3	
精细3	
外部3	
保障3	
保障2	
服务专业性3	
保障3	
耐久3	
耐久3	
精细3	
服务专业性3	
服务专业性3	
精细3	
沟通有效性3	
外部3	
响应及时性3	
外观2	
舒适3	
服务专业性3	
外部3	
保障3	
舒适3	
舒适3	
舒适3	
外观3	
保障1	
外观3	
外观2	
保障3	
精细3	
外部3	
外部3	
服务专业性3	
沟通有效性3	
服务专业性3	
精细3	
服务专业性3	
外部3	
外观3	
外观3	
外观3	
精细2	
外观3	
外部3	
精细3	
舒适2	
精细2	
外观3	
外观2	
舒适3	
服务专业性3	
精细3	
外观3	
外部3	
保障3	
外部3	
舒适3	
外部3	
保障3	
外部1	
保障3	
精细3	
沟通有效性3	
舒适2	
精细3	
保障3	
舒适2	
精细1	
精细2	
耐久3	
精细3	
外观3	
耐久3	
精细3	
精细3	
沟通有效性3	
沟通有效性3	
精细3	
外观3	
精细1	
外观3	
舒适2	
外观2	
保障3	
外观3	
精细3	
保障1	
外部3	
精细3	
外观3	
服务专业性3	
服务专业性1	
外部1	
精细3	
外观3	
外观3	
保障3	
精细3	
舒适3	
外观2	
精细3	
保障3	
舒适3	
服务专业性3	
补偿合理性1	
精细1	
精细2	
精细2	
外部2	
精细3	
精细3	
精细3	
服务专业性3	
服务专业性3	
保障3	
外观3	
耐久3	
外观3	
舒适3	
外部3	
外部3	
外部3	
舒适2	
舒适3	
补偿合理性2	
服务专业性3	
外部3	
服务专业性2	
精细2	
舒适3	
精细1	
沟通有效性1	
补偿合理性1	
耐久1	
精细3	
保障3	
外观3	
舒适1	
精细3	
外观3	
精细3	
服务专业性3	
精细1	
精细3	
舒适2	
外部3	
保障3	
服务专业性3	
沟通有效性3	
外观3	
沟通有效性3	
精细3	
舒适3	
精细3	
保障3	
舒适3	
精细1	
舒适3	
保障3	
外观3	
精细3	
外观3	
保障3	
精细3	
保障3	
服务专业性3	
沟通有效性1	
保障2	
舒适2	
精细1	
响应及时性1	
外观3	
精细3	
外观3	
外部3	
外观3	
精细3	
精细3	
外观3	
外部3	
外部3	
外观3	
服务专业性3	
外部3	
沟通有效性3	
外部3	
精细2	
外观1	
外部2	
外部3	
外观3	
保障3	
舒适3	
外观3	
外观3	
舒适2	
舒适1	
保障3	
精细1	
外部1	
精细1	
外观1	
保障3	
精细3	
外部3	
外观3	
精细3	
外部3	
外部3	
保障3	
沟通有效性3	
服务专业性3	
外观3	
服务专业性3	
外观1	
外观3	
精细3	
保障3	
服务专业性1	
外观3	
保障3	
外部3	
舒适2	
舒适2	
响应及时性3	
舒适3	
舒适3	
外部3	
外观3	
服务专业性3	
外观3	
外观3	
服务专业性3	
舒适2	
外观3	
外观3	
精细2	
保障2	
外观1	
精细3	
舒适3	
保障3	
舒适3	
舒适3	
外观2	
精细3	
外部3	
保障3	
外部3	
外部3	
精细3	
外观3	
外观3	
外观3	
精细3	
外观3	
外观3	
服务专业性3	
服务专业性3	
外观3	
外观3	
精细3	
精细3	
服务专业性3	
精细3	
沟通有效性3	
保障3	
外观3	
舒适3	
精细3	
保障3	
保障3	
精细3	
保障1	
精细3	
外观3	
保障3	
保障3	
舒适3	
舒适3	
保障3	
外观3	
外部3	
服务专业性1	
耐久1	
牌证1	
外部3	
服务专业性3	
精细3	
舒适3	
沟通有效性2	
服务专业性3	
服务专业性3	
服务专业性3	
精细3	
外部3	
外部3	
服务专业性3	
服务专业性3	
精细3	
外部3	
服务专业性2	
外部3	
舒适3	
外观2	
服务专业性3	
精细3	
精细3	
耐久1	
保障3	
精细3	
沟通有效性3	
外部2	
外部2	
精细1	
外观3	
外部3	
外观2	
舒适3	
精细2	
保障1	
外部2	
外部3	
外部3	
沟通有效性2	
外部3	
外观1	
保障2	
外观3	
精细3	
外观3	
保障3	
外观3	
精细1	
外观3	
服务专业性1	
响应及时性1	
外部3	
精细2	
外部2	
舒适3	
精细3	
外观3	
外部3	
保障3	
外观3	
耐久1	
舒适3	
外部3	
外观3	
外部3	
外部3	
外部3	
保障3	
外观3	
精细3	
外观1	
牌证1	
外部1	
外部2	
精细3	
外观3	
外观3	
外观3	
外观3	
舒适3	
外观3	
精细3	
服务专业性3	
精细3	
外观3	
保障2	
外观3	
保障3	
舒适3	
舒适2	
舒适3	
外观3	
舒适3	
舒适2	
保障3	
舒适3	
响应及时性3	
保障3	
精细3	
外观3	
精细3	
保障3	
舒适3	
保障3	
外观3	
精细3	
外部3	
保障3	
舒适3	
精细3	
保障3	
保障3	
舒适3	
精细1	
信息安全性2	
外观3	
保障3	
外观3	
外部1	
外观3	
舒适3	
精细3	
精细3	
服务专业性3	
服务专业性3	
服务专业性3	
外部3	
精细3	
服务专业性3	
保障3	
服务专业性3	
舒适2	
舒适3	
保障3	
精细3	
外观3	
服务专业性3	
外观3	
外部2	
精细1	
补偿合理性1	
外部2	
保障1	
外观3	
外部3	
外观3	
外观3	
外观3	
外部3	
外部3	
保障3	
外观3	
外观3	
保障3	
保障3	
精细3	
外观3	
服务专业性3	
精细3	
保障3	
外观3	
精细3	
精细3	
外观3	
精细3	
精细2	
保障1	
服务专业性1	
服务专业性3	
外观3	
外观3	
舒适3	
沟通有效性3	
舒适2	
保障3	
舒适2	
精细3	
精细3	
精细3	
精细3	
外观3	
保障3	
外观3	
外观3	
精细3	
保障3	
外观3	
保障3	
精细3	
外观1	
外观3	
外观3	
外部3	
保障3	
舒适3	
外部3	
保障3	
保障3	
精细3	
外部3	
外部3	
保障3	
外部1	
外部3	
精细3	
外部3	
沟通有效性3	
外观3	
沟通有效性1	
沟通有效性1	
精细3	
沟通有效性3	
沟通有效性2	
外部3	
服务专业性3	
外部3	
精细3	
舒适3	
精细3	
外观3	
保障3	
外观3	
舒适2	
精细2	
保障3	
精细3	
精细3	
外观1	
外观2	
外观3	
保障3	
外观3	
外观3	
外观3	
外观3	
舒适3	
保障3	
保障3	
外观3	
精细3	
沟通有效性3	
精细3	
外观3	
外部3	
保障1	
保障2	
精细1	
服务专业性1	
服务专业性1	
服务专业性1	
沟通有效性1	
外部1	
外观3	
外部3	
服务专业性3	
沟通有效性2	
服务专业性3	
保障3	
精细2	
外观1	
精细2	
舒适3	
外观3	
精细3	
精细3	
外部3	
外部3	
服务专业性3	
沟通有效性3	
服务专业性3	
精细3	
沟通有效性3	
服务专业性3	
沟通有效性3	
服务专业性3	
外观3	
保障3	
外观2	
服务专业性3	
服务专业性3	
沟通有效性3	
精细3	
外观3	
外观3	
外观3	
外观3	
精细3	
保障3	
外观3	
服务专业性3	
精细3	
精细3	
舒适3	
保障3	
舒适3	
外观3	
保障1	
舒适3	
外观3	
外部1	
服务专业性2	
服务专业性3	
服务专业性3	
外观3	
外部3	
外观3	
服务专业性3	
沟通有效性3	
外观3	
外部3	
耐久1	
精细2	
保障3	
服务专业性1	
补偿合理性1	
补偿合理性1	
舒适3	
保障3	
外部3	
外部2	
服务专业性1	
舒适3	
舒适3	
保障3	
舒适3	
精细3	
精细3	
外观3	
精细3	
精细1	
舒适3	
外观3	
服务专业性3	
精细3	
保障3	
保障3	
服务专业性3	
耐久3	
舒适3	
耐久1	
精细2	
精细3	
外部3	
服务专业性3	
精细3	
沟通有效性3	
精细3	
精细3	
服务专业性1	
保障3	
外部3	
精细3	
精细2	
外部2	
精细3	
保障3	
舒适3	
保障2	
沟通有效性3	
外部3	
保障3	
外部3	
外部2	
外部1	
外观2	
外观3	
服务专业性3	
保障3	
舒适1	
保障3	
外观3	
外观3	
精细3	
外观3	
精细3	
精细3	
外观3	
外观3	
保障3	
外观3	
外观3	
服务专业性3	
沟通有效性3	
保障1	
外部2	
保障3	
耐久1	
保障3	
服务专业性3	
精细2	
外观3	
外观3	
服务专业性3	
保障3	
外部3	
精细3	
外观3	
保障3	
精细3	
外观3	
服务专业性3	
精细3	
沟通有效性3	
耐久1	
外部2	
保障3	
保障3	
外观3	
外观3	
精细3	
外部3	
精细1	
外观3	
外观3	
服务专业性1	
服务专业性1	
响应及时性1	
外部3	
精细3	
舒适3	
舒适3	
服务专业性3	
外部3	
外部1	
外观3	
保障3	
精细3	
外观3	
舒适3	
外观3	
外观3	
外观3	
保障3	
舒适3	
保障3	
外部2	
舒适3	
外部2	
服务专业性3	
保障3	
外观3	
精细3	
精细3	
外观3	
保障2	
舒适3	
保障3	
外部3	
精细3	
保障3	
保障3	
精细3	
保障3	
外部3	
外部3	
外观3	
外观3	
外观3	
精细3	
舒适3	
外观3	
精细3	
沟通有效性3	
精细3	
保障3	
外观3	
外部3	
精细2	
保障2	
外观3	
保障1	
沟通有效性2	
沟通有效性3	
外部3	
响应及时性1	
服务专业性3	
保障3	
外部2	
保障2	
外观3	
响应及时性2	
保障1	
舒适2	
外部3	
外部3	
精细3	
保障3	
精细3	
精细3	
外观3	
外观3	
舒适3	
保障3	
外观3	
保障3	
外观3	
精细1	
外部2	
外观2	
精细3	
外观3	
精细1	
精细1	
精细2	
舒适3	
外观1	
外观3	
外观3	
保障3	
外观3	
保障2	
外部3	
外部3	
保障3	
精细3	
精细2	
精细3	
保障2	
耐久2	
舒适2	
精细3	
舒适2	
舒适2	
精细3	
精细3	
外观2	
舒适3	
补偿合理性1	
外部3	
精细3	
保障3	
保障2	
外部2	
精细3	
外部2	
外部2	
舒适3	
外观2	
舒适3	
舒适2	
精细3	
保障3	
外观3	
耐久3	
外部3	
外部3	
外观1	
外部3	
外观3	
外观3	
精细2	
外观2	
保障3	
外观3	
外观3	
外部3	
舒适3	
精细3	
外部3	
外观3	
外观3	
外观3	
舒适3	
外观3	
保障3	
保障3	
外观2	
精细2	
服务专业性3	
外观3	
外观3	
精细3	
外观3	
精细2	
服务专业性3	
外部3	
外部3	
舒适3	
外观3	
保障3	
舒适3	
保障3	
精细3	
服务专业性3	
精细3	
保障3	
保障3	
服务专业性2	
外观3	
舒适3	
外观3	
外观3	
服务专业性3	
精细3	
舒适3	
舒适2	
外观3	
保障3	
外观2	
外观3	
保障3	
保障3	
外观1	
舒适3	
精细3	
外部3	
精细3	
外部3	
舒适3	
外观3	
服务专业性3	
精细3	
外观2	
外观3	
保障3	
精细3	
精细3	
精细1	
外观3	
精细3	
外部3	
沟通有效性3	
外观3	
精细3	
外观3	
外观3	
保障3	
沟通有效性3	
精细3	
服务专业性3	
精细3	
外部3	
外观3	
保障3	
外观3	
精细3	
精细1	
外观3	
保障3	
外观3	
舒适2	
舒适3	
精细3	
服务专业性3	
外部3	
精细3	
耐久3	
外观3	
保障3	
精细3	
精细3	
外观2	
保障3	
外部3	
外部3	
服务专业性3	
保障3	
牌证1	
精细1	
外部1	
精细2	
精细2	
舒适2	
舒适2	
外观2	
外部2	
外部3	
精细3	
外部2	
精细3	
精细3	
精细3	
外观3	
服务专业性3	
精细3	
服务专业性3	
服务专业性3	
精细3	
外部3	
保障3	
精细3	
精细3	
外部3	
外观2	
服务专业性3	
精细3	
外部3	
外部3	
精细3	
外观3	
舒适3	
外观2	
外部1	
外部3	
外部3	
舒适2	
外观2	
精细3	
外观3	
外部2	
保障3	
舒适3	
舒适3	
外部3	
舒适1	
外观3	
精细3	
舒适3	
服务专业性1	
精细3	
外部3	
外部3	
外部3	
外部3	
外部3	
精细3	
沟通有效性3	
外部3	
服务专业性3	
服务专业性3	
精细3	
外部3	
外部3	
服务专业性1	
外部2	
沟通有效性3	
沟通有效性3	
精细3	
外部3	
精细3	
外部3	
外部3	
服务专业性3	
沟通有效性3	
服务专业性3	
外部3	
服务专业性3	
保障3	
外部3	
外部1	
舒适3	
精细3	
服务专业性3	
精细3	
外部3	
服务专业性3	
舒适2	
精细3	
外观3	
外观3	
舒适2	
精细2	
响应及时性1	
外部3	
舒适3	
精细3	
舒适3	
精细3	
外观3	
精细3	
服务专业性3	
外部3	
外部3	
外观3	
舒适2	
耐久2	
保障1	
服务专业性2	
服务专业性2	
服务专业性2	
沟通有效性1	
响应及时性1	
服务专业性1	
服务专业性3	
精细2	
精细3	
精细3	
保障3	
沟通有效性1	
保障3	
外部3	
舒适3	
外观2	
精细1	
外观2	
服务专业性1	
外观1	
服务专业性3	
保障3	
精细3	
舒适3	
外观3	
保障3	
外观3	
保障3	
保障3	
保障3	
外部3	
外部3	
精细3	
外部3	
舒适3	
精细3	
服务专业性3	
服务专业性3	
外部3	
舒适3	
保障3	
外部2	
外观3	
精细3	
舒适3	
保障3	
精细3	
耐久3	
精细3	
外部3	
外观3	
外部3	
服务专业性3	
精细1	
外部2	
精细1	
外部1	
精细2	
外观3	
精细3	
服务专业性3	
精细3	
外观3	
外部3	
精细3	
服务专业性3	
舒适3	
保障3	
保障1	
保障2	
精细2	
外部3	
外观3	
外观3	
保障3	
精细3	
外观3	
外观3	
保障3	
外观3	
精细3	
耐久3	
保障3	
舒适3	
外观3	
保障3	
保障3	
精细3	
沟通有效性3	
服务专业性3	
精细3	
精细3	
保障3	
精细3	
精细3	
精细3	
保障3	
舒适3	
精细3	
外观3	
精细1	
外部3	
外观3	
外观3	
外部3	
精细3	
精细3	
外观3	
外观3	
外观3	
沟通有效性3	
服务专业性3	
外观3	
舒适3	
外部3	
精细3	
精细3	
外部3	
外观3	
保障3	
精细3	
外部3	
服务专业性3	
外观3	
保障3	
外观3	
外部2	
保障3	
外观3	
精细3	
保障3	
舒适3	
沟通有效性3	
外部3	
外部3	
外观3	
精细3	
精细3	
精细3	
保障3	
外观3	
服务专业性3	
保障3	
舒适3	
舒适2	
外部2	
外部3	
外观3	
保障3	
外部3	
外部3	
精细3	
舒适3	
精细3	
保障3	
外观1	
外部3	
舒适3	
舒适3	
外观3	
精细3	
服务专业性2	
外部3	
服务专业性1	
精细1	
外观1	
沟通有效性3	
保障3	
服务专业性3	
服务专业性3	
沟通有效性3	
服务专业性3	
舒适2	
保障3	
保障3	
精细1	
精细3	
外部3	
精细3	
外观3	
保障3	
舒适3	
外观3	
外部3	
外部3	
保障3	
舒适2	
外部2	
精细3	
保障3	
精细3	
服务专业性3	
服务专业性3	
外部3	
保障3	
精细3	
外部3	
外部3	
精细3	
精细3	
外观3	
精细3	
精细2	
保障3	
舒适3	
外部3	
保障3	
外观3	
外部2	
外观2	
外部2	
舒适2	
舒适2	
外部2	
外观3	
舒适3	
外观3	
精细3	
保障3	
外观3	
服务专业性3	
服务专业性3	
外观3	
保障1	
服务专业性2	
外观3	
保障3	
保障3	
外观3	
外部3	
精细3	
外部2	
保障3	
外观3	
外观2	
舒适3	
保障3	
舒适3	
外部1	
外观2	
保障2	
服务专业性3	
外观3	
精细2	
外部2	
精细3	
精细3	
外观3	
舒适3	
服务专业性1	
精细3	
精细1	
精细1	
服务专业性3	
保障3	
外部3	
舒适3	
服务专业性1	
舒适3	
精细3	
精细3	
外部3	
舒适3	
外观3	
精细3	
外部3	
精细2	
外观1	
外部2	
外部3	
外观3	
精细3	
外观3	
舒适3	
外观2	
外部3	
精细3	
舒适3	
外部1	
服务专业性3	
舒适3	
舒适3	
保障3	
外部3	
保障3	
精细3	
外部3	
精细3	
外观3	
舒适3	
外部3	
外观3	
外观3	
外部3	
外部3	
舒适3	
精细3	
外观3	
外观3	
保障1	
外部1	
精细3	
保障3	
外观3	
外观3	
外观2	
精细3	
外部3	
服务专业性3	
外部2	
响应及时性3	
服务专业性3	
舒适2	
舒适2	
沟通有效性3	
沟通有效性3	
精细3	
外观3	
外观3	
外观3	
精细3	
舒适3	
耐久1	
外部3	
保障3	
精细2	
精细2	
外部2	
外部3	
精细3	
外观3	
外观2	
耐久1	
舒适3	
保障3	
舒适3	
精细3	
精细3	
保障3	
精细3	
精细3	
精细3	
舒适3	
精细3	
外观3	
外观3	
精细3	
外观3	
耐久2	
精细3	
舒适3	
舒适2	
外观3	
外观3	
精细3	
外观3	
保障3	
外观3	
保障2	
舒适2	
舒适2	
舒适3	
外部3	
保障3	
外观3	
外观3	
精细3	
保障3	
外观3	
保障3	
舒适3	
外观3	
精细1	
保障3	
精细1	
精细1	
外部2	
保障3	
耐久3	
舒适3	
精细3	
外观2	
精细3	
精细3	
保障3	
外部3	
服务专业性3	
外观2	
外观3	
外部3	
保障2	
精细3	
外观3	
服务专业性3	
保障3	
舒适3	
外部1	
精细3	
外观2	
外观3	
保障3	
外观1	
外观3	
精细3	
外部3	
外部3	
服务专业性3	
舒适3	
精细3	
保障3	
精细3	
保障3	
外观3	
牌证1	
外部1	
外部1	
外部1	
外部1	
沟通有效性1	
精细3	
舒适3	
保障3	
外观3	
保障3	
外部3	
保障3	
外观2	
外部3	
精细3	
外观3	
外部3	
外部3	
外部3	
服务专业性3	
舒适2	
保障3	
保障3	
外部3	
补偿合理性2	
舒适3	
外观3	
耐久3	
精细3	
舒适3	
外部1	
外观1	
精细3	
外观3	
外部3	
精细3	
服务专业性3	
服务专业性1	
服务专业性1	
响应及时性3	
舒适3	
精细3	
舒适1	
外部3	
外部3	
外观3	
耐久3	
耐久3	
精细3	
外观3	
保障3	
保障3	
外观3	
精细3	
保障3	
外观3	
外部3	
外观3	
外观3	
舒适3	
服务专业性3	
外部3	
外部3	
外观3	
外观3	
精细3	
耐久3	
外观3	
精细3	
保障3	
外部3	
外部3	
耐久1	
保障3	
保障3	
外观3	
外观3	
外观3	
外观3	
精细1	
外观3	
舒适3	
舒适2	
外观1	
精细3	
舒适3	
舒适3	
保障3	
耐久3	
外观3	
服务专业性3	
外部3	
外部3	
外观3	
舒适3	
服务专业性3	
精细3	
保障3	
精细3	
舒适3	
精细3	
精细3	
精细3	
外观3	
保障3	
精细3	
外观3	
外观3	
舒适3	
响应及时性1	
保障3	
外观3	
外观3	
保障2	
精细3	
精细3	
舒适3	
响应及时性3	
服务专业性3	
外部3	
保障3	
外观3	
舒适2	
服务专业性3	
外观3	
外观3	
精细3	
服务专业性3	
外观3	
精细3	
舒适3	
精细3	
外观3	
保障3	
舒适3	
服务专业性1	
响应及时性1	
服务专业性1	
响应及时性1	
服务专业性1	
信息安全性1	
外观2	
保障3	
精细3	
精细1	
耐久3	
沟通有效性3	
沟通有效性3	
外部3	
服务专业性1	
响应及时性1	
补偿合理性1	
精细1	
外观3	
保障1	
外部3	
精细3	
精细3	
外观3	
精细3	
保障3	
舒适3	
保障3	
外观3	
服务专业性3	
服务专业性3	
外观3	
外部3	
外观3	
舒适3	
舒适3	
保障3	
保障3	
服务专业性3	
外观3	
保障2	
精细3	
外部3	
外观3	
外部3	
保障3	
外观3	
外观3	
外观3	
外观3	
保障3	
精细3	
外部3	
舒适3	
外观3	
外观3	
舒适3	
精细3	
保障3	
精细2	
沟通有效性1	
服务专业性3	
外观2	
精细3	
精细3	
保障3	
保障3	
舒适3	
舒适2	
精细3	
外观3	
外观3	
精细3	
精细3	
精细3	
精细3	
保障3	
舒适3	
外部3	
外部3	
服务专业性3	
舒适3	
外部3	
外部3	
保障3	
精细3	
响应及时性3	
外部2	
外观3	
外观3	
外观3	
精细3	
保障3	
保障3	
外观3	
外观3	
舒适2	
外观3	
保障3	
舒适3	
外观3	
精细3	
保障2	
外观3	
保障3	
保障3	
外观3	
舒适2	
保障1	
精细3	
舒适3	
精细3	
外观3	
保障3	
精细3	
沟通有效性1	
补偿合理性1	
沟通有效性1	
沟通有效性1	
精细3	
舒适3	
外部3	
保障3	
外部3	
精细3	
保障3	
精细2	
服务专业性3	
精细3	
精细3	
舒适3	
精细2	
精细1	
保障3	
外观3	
保障3	
舒适3	
保障3	
舒适3	
精细3	
外观3	
舒适3	
舒适3	
沟通有效性1	
响应及时性1	
服务专业性1	
耐久1	
外观1	
保障1	
外观3	
外观3	
外观3	
精细3	
舒适3	
保障3	
服务专业性3	
服务专业性3	
保障3	
舒适3	
外观3	
精细3	
外部3	
服务专业性3	
舒适3	
保障3	
服务专业性3	
保障3	
精细3	
外观3	
精细3	
保障3	
精细3	
精细1	
舒适3	
舒适2	
精细3	
保障3	
保障3	
保障3	
舒适3	
外部3	
舒适3	
耐久1	
精细2	
舒适3	
舒适3	
外观3	
保障3	
保障2	
保障3	
保障3	
耐久3	
外部3	
舒适2	
外部2	
外观3	
外部3	
外部3	
精细3	
外观3	
保障3	
保障3	
保障3	
精细3	
保障3	
外部3	
外观3	
服务专业性2	
外观3	
外部3	
外观1	
外部3	
舒适3	
外部3	
服务专业性3	
响应及时性3	
服务专业性3	
精细3	
外观3	
外观3	
舒适3	
保障2	
精细3	
外观3	
精细1	
舒适3	
精细2	
服务专业性1	
服务专业性1	
响应及时性1	
服务专业性3	
外观3	
保障3	
精细1	
耐久1	
外观3	
外观2	
外观3	
舒适3	
外部3	
外观3	
外部3	
服务专业性3	
外部3	
外观3	
沟通有效性3	
外观3	
精细3	
服务专业性3	
外观3	
外观3	
精细1	
精细3	
舒适3	
服务专业性3	
外部2	
舒适2	
耐久1	
信息安全性1	
舒适1	
精细3	
服务专业性3	
沟通有效性3	
外部2	
舒适1	
沟通有效性3	
外部2	
精细3	
沟通有效性3	
精细3	
沟通有效性3	
精细3	
外观3	
舒适3	
外观3	
精细3	
外观3	
服务专业性3	
沟通有效性3	
精细3	
保障3	
外观3	
外观3	
舒适2	
精细2	
保障2	
精细1	
服务专业性3	
外观3	
精细3	
保障3	
精细3	
保障3	
保障3	
外观3	
精细3	
舒适2	
外观3	
外观3	
外部3	
外观3	
舒适3	
精细3	
舒适3	
服务专业性1	
服务专业性1	
精细1	
舒适2	
舒适2	
外部2	
精细3	
外观3	
保障3	
精细3	
保障3	
外观3	
精细3	
精细3	
外部3	
响应及时性3	
精细3	
精细3	
舒适3	
外部3	
外部2	
外观3	
外部3	
外部3	
保障2	
保障3	
舒适3	
外部3	
保障3	
精细1	
舒适2	
外观3	
外观3	
舒适3	
外观3	
沟通有效性3	
沟通有效性3	
外部3	
外部3	
外观3	
外部3	
精细3	
外观3	
沟通有效性2	
精细3	
保障3	
服务专业性2	
服务专业性3	
服务专业性3	
精细3	
舒适3	
保障3	
舒适3	
外观2	
舒适1	
外部1	
保障3	
外部3	
沟通有效性3	
服务专业性3	
舒适3	
外部3	
外观2	
精细3	
外部3	
外观3	
保障3	
外观3	
外部3	
外观3	
舒适3	
保障3	
保障3	
保障3	
舒适3	
舒适3	
外观3	
外观3	
外部3	
外观3	
响应及时性3	
响应及时性1	
响应及时性3	
沟通有效性3	
沟通有效性3	
服务专业性3	
精细3	
服务专业性3	
服务专业性3	
外部3	
精细2	
外观1	
响应及时性1	
外部2	
外部2	
服务专业性3	
响应及时性3	
精细3	
外部2	
保障3	
舒适2	
沟通有效性1	
精细3	
保障3	
沟通有效性2	
沟通有效性3	
沟通有效性3	
补偿合理性3	
外观3	
外观2	
外观3	
精细3	
精细3	
保障1	
舒适2	
外部2	
精细3	
外观3	
外观3	
舒适2	
外观3	
外观3	
外观3	
精细2	
耐久1	
精细3	
保障3	
舒适3	
精细3	
外观3	
外观3	
外观3	
外观3	
外部3	
外观3	
保障3	
保障3	
保障3	
外部3	
外部3	
外部3	
外观3	
保障3	
精细3	
保障3	
外观3	
保障2	
外观3	
服务专业性3	
保障3	
外部3	
舒适3	
外观3	
外观3	
舒适3	
外观3	
精细3	
舒适3	
舒适3	
保障3	
保障3	
保障3	
保障1	
精细2	
外部3	
外部3	
外部3	
保障3	
外观3	
外观3	
保障3	
外观3	
保障3	
外观3	
精细3	
外观3	
服务专业性2	
外部2	
精细3	
精细3	
服务专业性2	
外部1	
外部3	
外观3	
外观3	
外观3	
外观3	
沟通有效性3	
沟通有效性3	
外部3	
保障3	
舒适2	
耐久1	
保障3	
外部3	
保障2	
外部3	
舒适3	
保障2	
舒适2	
服务专业性1	
外观3	
耐久3	
外观3	
保障3	
外部3	
精细3	
服务专业性3	
服务专业性3	
外观3	
服务专业性3	
外观3	
保障3	
外观2	
舒适3	
精细2	
精细2	
精细2	
外观3	
服务专业性1	
保障1	
外观3	
精细3	
保障3	
外部3	
耐久2	
沟通有效性3	
外部1	
舒适3	
外观3	
服务专业性3	
耐久1	
舒适3	
服务专业性1	
舒适2	
舒适2	
精细3	
精细3	
精细3	
外观3	
外观3	
服务专业性3	
外部3	
保障3	
精细3	
精细3	
精细3	
精细3	
服务专业性2	
精细1	
外观3	
舒适3	
外观2	
精细2	
精细2	
精细3	
沟通有效性3	
舒适3	
精细2	
保障2	
舒适2	
外观1	
舒适3	
保障3	
舒适3	
保障3	
舒适3	
保障1	
精细3	
外部3	
服务专业性3	
服务专业性3	
外观3	
精细3	
保障1	
外观3	
精细3	
外观3	
保障3	
精细3	
精细3	
外观3	
外观3	
保障3	
外部3	
外部3	
外部3	
服务专业性3	
沟通有效性3	
外观3	
精细3	
外观3	
外观3	
保障3	
保障3	
精细2	
外观2	
服务专业性3	
服务专业性3	
精细3	
舒适3	
保障3	
外观3	
精细3	
保障3	
外观3	
舒适3	
外观3	
外观3	
精细3	
响应及时性3	
外部3	
外部3	
外部2	
外观3	
外观3	
精细3	
舒适2	
外部3	
外观3	
舒适3	
保障3	
精细3	
外观3	
舒适3	
外观3	
保障3	
保障3	
外观3	
外部3	
沟通有效性2	
舒适2	
外部3	
耐久1	
精细1	
舒适1	
精细3	
外观3	
外观3	
外观3	
外部3	
外部3	
保障3	
外观3	
舒适3	
耐久1	
外观3	
耐久1	
精细3	
舒适3	
精细3	
外部3	
精细3	
舒适3	
精细1	
精细1	
精细3	
精细2	
舒适3	
保障3	
舒适3	
外部2	
牌证1	
精细1	
保障3	
保障3	
精细2	
服务专业性3	
外部3	
保障3	
外观3	
精细3	
外观3	
服务专业性2	
舒适2	
外部2	
保障2	
保障3	
耐久2	
舒适2	
舒适3	
外部3	
外观3	
精细3	
外观3	
舒适3	
外部3	
外观3	
精细3	
外观3	
精细3	
外部3	
外部3	
舒适3	
服务专业性2	
外观3	
外观3	
精细3	
服务专业性3	
外部1	
服务专业性3	
舒适3	
精细3	
保障3	
外观3	
外部3	
保障3	
保障3	
舒适3	
外观3	
服务专业性3	
精细3	
外部3	
精细3	
外部3	
外观3	
服务专业性3	
精细3	
外观3	
外观3	
外观3	
精细2	
精细3	
精细3	
外部3	
外部3	
精细2	
外部2	
精细3	
精细2	
外部3	
沟通有效性3	
精细3	
外部3	
精细3	
保障3	
保障2	
舒适2	
外观3	
外观3	
精细1	
耐久1	
舒适1	
服务专业性3	
保障3	
舒适3	
舒适3	
保障3	
外观3	
响应及时性1	
服务专业性2	
精细3	
精细3	
外观3	
外部2	
保障3	
精细2	
沟通有效性1	
保障3	
舒适3	
耐久1	
精细2	
补偿合理性1	
补偿合理性1	
服务专业性1	
补偿合理性1	
耐久2	
精细3	
外观3	
服务专业性3	
舒适3	
外观3	
外观3	
外观3	
舒适3	
外部3	
外部2	
沟通有效性3	
沟通有效性3	
外观3	
精细3	
舒适3	
精细3	
外部3	
精细3	
沟通有效性3	
外部3	
精细3	
外观3	
外部3	
服务专业性3	
精细3	
保障3	
保障3	
保障3	
外观3	
舒适2	
外部1	
补偿合理性1	
外部1	
外观3	
保障3	
精细3	
保障3	
外部3	
精细2	
外观3	
舒适1	
精细2	
保障3	
舒适3	
响应及时性1	
耐久1	
补偿合理性1	
保障1	
舒适3	
外部2	
外部2	
精细3	
外观2	
舒适3	
外部1	
精细2	
舒适3	
精细3	
外观3	
精细3	
精细3	
保障3	
外观3	
外观3	
沟通有效性3	
外部3	
精细3	
精细3	
外观2	
外观3	
外部3	
精细3	
响应及时性3	
精细3	
响应及时性3	
精细3	
服务专业性2	
沟通有效性3	
保障3	
精细2	
保障3	
舒适3	
舒适3	
保障3	
服务专业性1	
服务专业性1	
精细1	
舒适3	
外观3	
外观2	
外部3	
外部3	
沟通有效性3	
外部3	
外观3	
保障3	
外观3	
保障3	
保障3	
舒适3	
精细3	
外观3	
外部1	
舒适3	
外观3	
精细2	
舒适3	
精细3	
服务专业性3	
外部3	
精细1	
保障3	
牌证3	
精细3	
外观3	
外观3	
服务专业性2	
精细3	
外观3	
沟通有效性3	
外部3	
保障3	
保障3	
保障3	
保障3	
保障3	
服务专业性3	
沟通有效性3	
外观3	
外观3	
外观3	
外观3	
外部3	
外部3	
外观3	
精细3	
舒适3	
保障3	
保障3	
精细3	
外部3	
服务专业性3	
外部3	
精细1	
保障3	
外观3	
精细3	
外观3	
外观3	
精细1	
精细2	
外观1	
舒适2	
保障2	
保障2	
精细2	
舒适3	
精细2	
保障2	
保障3	
舒适3	
外观3	
精细2	
精细3	
外部3	
精细3	
舒适3	
保障3	
外部3	
精细3	
外部3	
精细3	
保障3	
服务专业性3	
服务专业性3	
外部3	
外部3	
外观3	
外观3	
精细1	
响应及时性3	
外部3	
精细3	
精细3	
舒适2	
服务专业性3	
外观3	
精细1	
保障3	
精细3	
耐久1	
服务专业性3	
外观3	
外部3	
精细2	
牌证1	
舒适3	
舒适3	
外部3	
外部3	
保障3	
舒适3	
外观3	
外部2	
舒适1	
外观3	
外观3	
精细3	
精细3	
保障3	
保障3	
外观3	
沟通有效性3	
沟通有效性3	
精细3	
外部3	
外观3	
外观3	
精细1	
服务专业性3	
精细3	
舒适3	
精细3	
舒适3	
舒适3	
耐久1	
舒适3	
精细3	
保障3	
保障3	
舒适3	
外观3	
外部3	
保障1	
精细1	
精细3	
外部3	
舒适3	
精细3	
舒适3	
保障2	
舒适3	
外观2	
外部3	
服务专业性3	
保障3	
外观3	
外观3	
精细3	
舒适3	
精细2	
舒适2	
精细3	
外部3	
精细3	
外观3	
精细3	
外观3	
外观3	
外观3	
沟通有效性3	
精细3	
服务专业性3	
外部3	
外部3	
外观3	
精细1	
外部3	
服务专业性3	
外观3	
外观3	
精细1	
精细3	
保障3	
舒适3	
外观3	
补偿合理性1	
外观3	
外观3	
服务专业性3	
响应及时性3	
外观3	
外部2	
耐久1	
沟通有效性2	
保障3	
服务专业性2	
服务专业性1	
外观2	
外观3	
精细3	
外观3	
保障3	
保障3	
精细3	
外部3	
保障3	
外观3	
外观2	
外部2	
舒适3	
精细1	
外部1	
舒适3	
外部3	
舒适3	
外观3	
精细1	
舒适3	
保障3	
外观3	
精细3	
保障3	
沟通有效性1	
服务专业性1	
外部3	
保障3	
外部2	
舒适3	
精细3	
精细3	
保障3	
舒适3	
外观3	
外观3	
保障3	
保障3	
保障3	
舒适3	
精细3	
外观3	
外部3	
服务专业性3	
沟通有效性3	
保障1	
精细3	
外部3	
精细1	
外部2	
外部2	
外部3	
外部2	
耐久3	
耐久3	
外观3	
外观3	
舒适3	
保障3	
外部3	
精细2	
外观2	
外部3	
外观2	
外部3	
精细3	
精细3	
外观3	
保障3	
外观3	
外观3	
外观3	
精细3	
耐久1	
服务专业性3	
外观3	
外观3	
服务专业性3	
精细3	
服务专业性3	
精细3	
服务专业性3	
舒适2	
耐久1	
沟通有效性1	
精细3	
外部1	
外观3	
保障3	
舒适3	
服务专业性3	
补偿合理性2	
保障3	
保障3	
舒适3	
精细1	
精细3	
精细1	
外观3	
精细3	
外观3	
外观3	
服务专业性3	
舒适3	
精细3	
服务专业性3	
外部1	
服务专业性3	
保障3	
精细2	
精细3	
外观3	
外观3	
服务专业性3	
服务专业性3	
保障3	
精细2	
舒适3	
外观3	
保障3	
保障3	
精细3	
舒适3	
外观3	
外观3	
服务专业性3	
精细3	
外观3	
保障3	
外部3	
外观3	
外部3	
外部3	
服务专业性3	
保障3	
外部3	
外部3	
精细3	
精细3	
外观3	
舒适3	
外部1	
外部3	
保障2	
服务专业性2	
服务专业性3	
外观3	
保障3	
外观3	
保障3	
舒适3	
外部1	
保障2	
精细2	
外部1	
外观3	
外观2	
保障2	
精细1	
外观2	
精细3	
舒适3	
外观2	
保障3	
舒适3	
舒适3	
舒适3	
外观2	
外观3	
服务专业性3	
精细3	
精细3	
沟通有效性3	
外部2	
外观3	
外观3	
保障3	
沟通有效性2	
舒适3	
外部2	
精细3	
耐久1	
外观3	
耐久1	
外观3	
精细3	
外观3	
舒适3	
服务专业性3	
外观3	
精细3	
精细3	
外观2	
外部2	
服务专业性3	
精细3	
外部3	
外部3	
服务专业性3	
服务专业性3	
外观3	
外观3	
外部2	
耐久1	
精细3	
外观3	
精细3	
外部3	
外观3	
精细3	
服务专业性3	
精细3	
保障3	
精细3	
精细2	
服务专业性3	
服务专业性3	
精细3	
服务专业性3	
耐久1	
精细3	
保障3	
保障2	
舒适3	
保障3	
舒适3	
外观3	
精细3	
保障3	
舒适2	
保障1	
外部2	
服务专业性3	
耐久1	
舒适2	
外观3	
舒适2	
外观3	
外部3	
外观3	
保障1	
外观3	
保障3	
舒适3	
保障3	
精细3	
保障3	
舒适3	
精细3	
保障3	
外观3	
外部3	
外观3	
服务专业性3	
舒适3	
外观3	
响应及时性3	
外观3	
外部2	
舒适3	
外观3	
保障3	
外观3	
精细3	
外观3	
保障3	
外观3	
舒适3	
精细3	
服务专业性3	
保障3	
保障3	
舒适3	
外观3	
保障3	
保障3	
外部3	
外观3	
保障3	
保障3	
保障3	
外观2	
精细3	
外观3	
耐久3	
精细3	
保障3	
舒适3	
外观2	
外观3	
精细3	
精细3	
外观3	
外观3	
舒适3	
外观3	
保障3	
舒适3	
舒适3	
精细3	
保障3	
保障3	
舒适2	
外部3	
服务专业性1	
精细1	
外部1	
外观3	
舒适1	
舒适2	
外部2	
精细3	
外观3	
保障2	
外观2	
外观3	
精细3	
服务专业性2	
舒适3	
精细3	
外观3	
保障3	
精细3	
外观3	
精细3	
精细1	
保障1	
舒适3	
外观2	
保障1	
外部1	
保障2	
舒适3	
舒适3	
精细1	
外部3	
舒适2	
精细3	
响应及时性3	
外部3	
服务专业性3	
服务专业性3	
服务专业性2	
服务专业性2	
服务专业性1	
外部3	
外观3	
外观2	
精细2	
外部1	
沟通有效性1	
外部1	
耐久2	
外部2	
牌证1	
外部1	
外观3	
外观2	
保障3	
舒适3	
外观3	
精细3	
精细3	
保障3	
外部1	
保障3	
舒适3	
保障3	
沟通有效性3	
外观3	
精细3	
外观3	
外观3	
外观2	
服务专业性1	
沟通有效性1	
沟通有效性1	
服务专业性1	
服务专业性1	
服务专业性1	
服务专业性1	
服务专业性1	
补偿合理性1	
服务专业性1	
外观3	
外部3	
外部3	
服务专业性3	
保障3	
精细2	
精细2	
外观3	
外观3	
保障3	
外部2	
精细2	
服务专业性3	
外观3	
外部3	
外部3	
精细3	
保障3	
沟通有效性1	
外部1	
保障3	
舒适3	
舒适3	
外观3	
外观3	
外观3	
外部2	
舒适3	
外观3	
精细3	
外观3	
外观3	
外观3	
服务专业性3	
精细3	
精细3	
响应及时性3	
耐久2	
精细2	
外观3	
精细3	
外部3	
外观3	
外部3	
外观1	
精细2	
保障3	
舒适3	
精细1	
精细3	
外观3	
外观3	
舒适3	
外观3	
保障3	
外观3	
外观3	
保障3	
舒适1	
沟通有效性3	
外观3	
外观3	
精细2	
舒适3	
精细3	
外观3	
精细3	
保障3	
舒适1	
精细1	
保障3	
外观3	
保障2	
保障2	
舒适3	
舒适3	
保障3	
外部2	
外部3	
外部2	
服务专业性3	
服务专业性3	
外部3	
精细2	
外部2	
服务专业性1	
保障3	
外观3	
外观3	
外观3	
精细3	
保障3	
外观3	
外观3	
外观3	
舒适3	
精细1	
精细1	
舒适3	
精细3	
服务专业性1	
外观3	
精细3	
保障3	
精细3	
沟通有效性3	
沟通有效性3	
外部3	
服务专业性3	
保障3	
外部3	
外观3	
精细3	
保障3	
保障3	
保障3	
精细3	
精细3	
外观3	
外观3	
外部3	
外观2	
外部1	
沟通有效性1	
补偿合理性1	
服务专业性1	
耐久1	
精细3	
保障2	
外部3	
舒适2	
舒适3	
服务专业性3	
保障3	
舒适3	
舒适3	
精细3	
保障3	
沟通有效性2	
精细3	
外观3	
保障3	
外观3	
精细3	
保障3	
精细3	
服务专业性2	
外观2	
保障3	
保障1	
服务专业性1	
外观3	
保障3	
外部3	
沟通有效性3	
舒适1	
精细3	
外部2	
舒适2	
舒适3	
服务专业性2	
舒适3	
舒适3	
舒适2	
外观3	
外观3	
精细3	
外观3	
精细3	
精细3	
保障3	
保障3	
外部3	
外部3	
保障3	
精细3	
舒适3	
外观3	
保障3	
耐久1	
舒适3	
服务专业性3	
外部3	
精细3	
精细3	
外观3	
保障1	
外部1	
服务专业性3	
精细3	
外观3	
服务专业性3	
精细3	
舒适3	
保障3	
保障3	
外观3	
外观3	
服务专业性1	
外部1	
服务专业性3	
服务专业性2	
外观2	
精细3	
精细3	
外观3	
服务专业性2	
外观1	
精细3	
外部2	
精细3	
精细2	
精细2	
精细3	
沟通有效性3	
舒适3	
舒适3	
舒适3	
外观3	
精细3	
舒适1	
精细2	
精细3	
精细3	
外观3	
外部3	
外部2	
服务专业性3	
外观3	
外观3	
精细3	
精细3	
舒适3	
外部3	
沟通有效性2	
舒适2	
牌证1	
舒适3	
耐久3	
外观3	
保障3	
精细2	
外部3	
精细3	
沟通有效性3	
精细3	
舒适2	
精细2	
舒适1	
精细1	
精细1	
外部1	
沟通有效性1	
外部1	
响应及时性3	
保障3	
保障3	
服务专业性3	
保障2	
外部3	
沟通有效性3	
外观3	
外部3	
舒适3	
精细3	
舒适3	
外部3	
舒适3	
外观3	
舒适3	
外部3	
精细3	
外观3	
外观3	
外部3	
精细2	
精细2	
精细1	
耐久2	
舒适3	
舒适3	
精细3	
保障3	
舒适3	
外部3	
精细3	
外观3	
舒适2	
补偿合理性2	
精细1	
精细3	
舒适3	
外观3	
服务专业性3	
外观3	
精细3	
外部2	
外观3	
外部3	
外部1	
耐久1	
舒适3	
舒适3	
外观3	
外观3	
精细3	
外观3	
外观3	
舒适3	
外观3	
舒适3	
舒适1	
保障3	
外观3	
服务专业性3	
外观3	
外观3	
保障3	
保障3	
保障3	
保障3	
舒适3	
外部3	
舒适3	
舒适3	
精细3	
外观3	
精细3	
服务专业性3	
保障3	
外部3	
保障1	
服务专业性2	
精细2	
舒适3	
精细3	
外观3	
外观3	
外观3	
精细3	
外观3	
外观3	
保障1	
外观3	
外观3	
舒适2	
精细3	
外观3	
外部3	
精细3	
补偿合理性2	
精细3	
外部3	
沟通有效性3	
信息安全性1	
精细1	
外部1	
响应及时性1	
精细2	
保障2	
精细3	
外观2	
保障2	
服务专业性3	
服务专业性3	
服务专业性3	
外观3	
保障2	
舒适2	
保障3	
精细3	
外观3	
外部1	
精细1	
沟通有效性1	
外部1	
外部1	
精细1	
沟通有效性1	
外部1	
保障2	
沟通有效性3	
服务专业性3	
精细3	
精细3	
精细3	
保障3	
舒适3	
牌证3	
外观3	
外部2	
耐久2	
服务专业性3	
外观1	
舒适1	
服务专业性3	
精细3	
保障3	
精细2	
舒适2	
外观3	
外观3	
外部3	
精细1	
外部1	
精细3	
精细1	
保障3	
精细3	
外观3	
精细3	
外观3	
外观3	
外观3	
外观3	
保障1	
服务专业性3	
舒适3	
精细3	
沟通有效性3	
响应及时性3	
外观3	
服务专业性3	
响应及时性3	
服务专业性3	
精细3	
舒适3	
外观2	
外观3	
舒适1	
外观3	
精细3	
服务专业性3	
外部2	
舒适3	
精细3	
外观3	
信息安全性3	
保障3	
精细3	
舒适3	
精细3	
服务专业性3	
外部3	
精细3	
响应及时性3	
服务专业性3	
耐久1	
服务专业性3	
精细3	
保障3	
响应及时性3	
外部3	
外观3	
精细3	
外部3	
保障1	
外观3	
沟通有效性1	
保障3	
精细3	
舒适3	
沟通有效性1	
外观3	
沟通有效性3	
精细3	
服务专业性3	
外部3	
精细3	
外观3	
保障3	
舒适1	
舒适2	
外部2	
舒适2	
外观1	
外观2	
保障2	
保障2	
精细3	
舒适3	
外观2	
精细1	
外观1	
服务专业性3	
外部3	
精细3	
服务专业性3	
外部3	
精细1	
保障3	
外观3	
保障3	
舒适3	
精细2	
外观3	
保障3	
外部2	
保障3	
舒适3	
保障3	
耐久1	
服务专业性3	
保障3	
舒适3	
保障3	
精细1	
精细2	
响应及时性3	
保障3	
保障3	
服务专业性3	
精细3	
保障3	
精细3	
服务专业性3	
外部3	
保障1	
保障1	
外观3	
保障3	
外部3	
服务专业性3	
舒适2	
保障2	
舒适3	
外部1	
舒适3	
外观3	
外观3	
外部3	
外部3	
精细3	
保障3	
保障3	
外部1	
外部2	
精细3	
外部3	
外部3	
精细3	
外观3	
保障3	
精细3	
精细3	
服务专业性3	
外观3	
外观3	
舒适1	
舒适2	
舒适3	
保障3	
精细3	
外观3	
外部3	
保障3	
舒适2	
外部3	
外部3	
精细3	
服务专业性3	
精细3	
保障3	
保障3	
保障3	
保障3	
舒适3	
舒适3	
响应及时性3	
舒适3	
保障3	
服务专业性3	
舒适3	
保障3	
外观3	
精细3	
保障3	
外部1	
外观3	
舒适3	
外观3	
精细3	
响应及时性3	
服务专业性3	
服务专业性3	
服务专业性3	
精细1	
服务专业性1	
保障1	
精细1	
保障3	
服务专业性3	
保障3	
舒适3	
外观3	
保障3	
精细3	
舒适3	
保障3	
舒适3	
外观3	
外观3	
保障3	
耐久3	
外部3	
精细3	
外观3	
精细3	
精细1	
外观1	
保障1	
精细3	
外部2	
舒适3	
外观3	
保障3	
舒适3	
外观3	
外观3	
舒适3	
外观3	
舒适3	
保障3	
外部3	
保障3	
精细3	
服务专业性3	
保障3	
舒适2	
外观3	
外观3	
精细3	
舒适2	
外部3	
外部3	
服务专业性3	
舒适3	
精细3	
外观1	
外部3	
保障3	
外观3	
外部3	
外观3	
外观3	
舒适3	
精细3	
外观3	
舒适3	
外观1	
外观3	
保障3	
外部2	
精细3	
保障2	
保障3	
保障3	
外观3	
保障3	
外观3	
外观3	
精细3	
外观2	
外观3	
外观3	
精细3	
外观3	
精细3	
外部3	
服务专业性3	
外部3	
外观3	
响应及时性3	
服务专业性3	
舒适3	
服务专业性3	
外观3	
外观3	
外观3	
外部1	
精细3	
舒适3	
保障3	
外观3	
外观3	
外观3	
精细1	
服务专业性3	
保障3	
舒适3	
保障1	
舒适3	
保障3	
舒适3	
外部3	
保障3	
舒适2	
保障3	
精细3	
外部3	
外部1	
外观3	
外观3	
外观3	
外观3	
保障3	
保障3	
舒适3	
舒适3	
外部3	
外部2	
保障3	
保障3	
保障3	
精细3	
保障3	
精细1	
外观3	
外部3	
精细3	
精细3	
外观3	
外观3	
精细3	
外观3	
保障3	
服务专业性3	
精细3	
外观3	
外观3	
保障3	
舒适2	
外观3	
服务专业性3	
外部3	
舒适3	
舒适3	
外部1	
沟通有效性1	
保障3	
外观3	
外观1	
精细3	
舒适3	
外部3	
外部1	
精细3	
保障3	
精细3	
响应及时性2	
保障3	
外部1	
舒适1	
保障3	
舒适3	
舒适3	
服务专业性3	
服务专业性3	
外部3	
精细3	
保障3	
服务专业性3	
外观3	
外观3	
耐久1	
耐久1	
外观1	
外部1	
外部3	
精细3	
沟通有效性3	
外部3	
外部3	
舒适2	
精细3	
外部3	
保障3	
外观3	
舒适2	
外观3	
外观3	
外观3	
服务专业性3	
精细3	
精细3	
外部3	
精细3	
保障3	
外观3	
保障3	
保障3	
舒适3	
精细3	
保障3	
精细2	
外部3	
外部3	
外部3	
精细3	
外部3	
保障3	
舒适3	
舒适3	
外观3	
精细3	
外观3	
精细3	
舒适2	
舒适2	
舒适2	
外观3	
保障3	
精细3	
精细3	
耐久3	
服务专业性3	
精细1	
沟通有效性1	
外观3	
外部3	
舒适3	
沟通有效性3	
服务专业性3	
保障3	
精细3	
保障3	
舒适3	
服务专业性3	
服务专业性3	
保障3	
外部3	
外观3	
精细3	
精细3	
外观3	
保障1	
精细3	
精细3	
外观3	
保障3	
精细1	
精细2	
服务专业性3	
外观3	
保障3	
外部2	
精细2	
精细3	
舒适3	
精细3	
外观3	
外观3	
外观3	
保障3	
精细3	
服务专业性2	
精细3	
外观3	
保障3	
保障3	
精细3	
外部3	
舒适3	
精细3	
外观3	
服务专业性3	
外部3	
精细1	
耐久1	
外部2	
精细3	
响应及时性3	
外观3	
精细2	
保障2	
外观3	
外部3	
外观3	
外观3	
外部3	
保障3	
舒适3	
服务专业性3	
舒适3	
外部3	
外观3	
外部1	
保障3	
保障3	
保障3	
外部3	
外部3	
舒适3	
外观3	
舒适3	
外观3	
舒适3	
精细3	
保障3	
服务专业性3	
沟通有效性3	
精细3	
外观3	
外部3	
精细3	
外部3	
外部3	
外部3	
外部3	
耐久1	
保障3	
保障3	
服务专业性3	
外观1	
外观3	
外观3	
保障3	
保障1	
外观3	
保障3	
保障3	
精细3	
外观3	
精细3	
精细2	
精细1	
沟通有效性3	
外观3	
外部3	
保障3	
舒适3	
外观3	
保障1	
舒适3	
外观3	
外部3	
外部3	
保障3	
外观2	
服务专业性3	
精细3	
外观3	
外观3	
外观3	
保障3	
精细3	
外部3	
保障3	
精细3	
沟通有效性3	
保障2	
服务专业性3	
舒适1	
舒适3	
舒适2	
服务专业性2	
外观3	
精细3	
保障3	
保障3	
舒适3	
保障3	
保障3	
服务专业性3	
精细3	
保障3	
外部3	
外观3	
外观3	
外观2	
精细3	
保障3	
外观3	
外部3	
舒适3	
精细3	
保障3	
保障3	
外部2	
精细3	
耐久1	
精细1	
外观3	
精细1	
精细1	
精细1	
牌证1	
外观3	
服务专业性3	
舒适3	
精细3	
保障3	
外观1	
舒适3	
保障3	
舒适3	
精细3	
外部3	
精细3	
保障3	
舒适3	
耐久3	
外部3	
保障3	
保障3	
精细3	
舒适3	
外观3	
外观3	
外观3	
外观3	
外观3	
耐久3	
耐久3	
保障3	
精细3	
保障3	
舒适2	
外部2	
服务专业性3	
服务专业性3	
沟通有效性3	
服务专业性3	
保障3	
精细2	
服务专业性3	
保障3	
舒适3	
保障3	
舒适3	
外部3	
服务专业性1	
外部3	
沟通有效性3	
外部1	
精细2	
精细3	
外部3	
服务专业性3	
服务专业性3	
舒适3	
外部3	
外部3	
服务专业性3	
外观1	
舒适3	
外观3	
外部3	
精细3	
保障3	
精细3	
外部3	
舒适1	
保障3	
外部2	
外部3	
精细3	
外观3	
外观3	
外部3	
外部3	
服务专业性3	
外部3	
外观3	
精细3	
外观3	
外部3	
精细3	
外观3	
精细3	
耐久3	
外部3	
服务专业性3	
精细3	
保障3	
外观3	
外观3	
外观3	
外部2	
舒适3	
外观3	
保障3	
服务专业性3	
精细3	
舒适3	
舒适3	
耐久1	
舒适3	
外观1	
外观2	
精细3	
外部3	
外观3	
外部3	
舒适1	
精细3	
保障3	
精细1	
沟通有效性1	
沟通有效性1	
保障3	
保障3	
舒适3	
服务专业性1	
信息安全性1	
沟通有效性1	
保障3	
外观3	
保障3	
舒适2	
舒适2	
外观3	
精细3	
外观3	
响应及时性3	
服务专业性3	
沟通有效性3	
服务专业性3	
舒适2	
精细3	
保障3	
舒适3	
精细3	
外观3	
外观3	
外观3	
精细1	
保障3	
精细3	
耐久1	
外部2	
保障3	
保障3	
舒适3	
精细3	
保障3	
外部3	
精细3	
外部3	
保障3	
保障1	
精细3	
外部3	
外部3	
外部3	
外部3	
服务专业性3	
外观3	
外观3	
精细3	
外部3	
精细3	
服务专业性3	
外观3	
外部3	
精细3	
外部3	
精细3	
外观2	
舒适2	
保障3	
外观2	
舒适2	
保障3	
精细3	
保障3	
外观3	
外部3	
舒适3	
外部2	
外部2	
精细3	
保障3	
外部3	
精细3	
外观3	
精细3	
外部3	
舒适3	
保障3	
外观3	
外观3	
精细3	
外观3	
外部3	
精细3	
外部3	
精细3	
保障3	
外观3	
外观3	
外观3	
舒适3	
外部2	
精细3	
精细3	
保障3	
保障3	
保障3	
精细3	
外观2	
舒适3	
外观3	
精细3	
外观3	
外部2	
精细1	
精细1	
舒适1	
保障2	
精细3	
外部3	
舒适2	
保障1	
精细3	
耐久3	
精细3	
精细3	
外观3	
沟通有效性3	
外观3	
保障3	
舒适3	
舒适3	
外观3	
精细3	
外观3	
耐久3	
精细3	
精细1	
舒适1	
精细3	
舒适3	
舒适3	
外部3	
舒适2	
精细3	
服务专业性3	
精细3	
精细3	
精细3	
外部3	
外观1	
外观3	
保障3	
外观2	
精细3	
舒适3	
保障3	
外观3	
保障3	
保障3	
精细3	
外部2	
精细3	
外部3	
外部3	
精细3	
外观3	
精细3	
补偿合理性1	
外部2	
外部3	
精细3	
耐久3	
精细3	
精细3	
外观3	
精细3	
精细2	
外部1	
服务专业性3	
精细3	
保障3	
外观3	
精细3	
舒适3	
精细3	
保障3	
外观3	
服务专业性3	
外观3	
外观3	
精细2	
精细3	
沟通有效性3	
服务专业性3	
外部3	
服务专业性3	
舒适3	
保障2	
舒适2	
舒适2	
外部3	
外部3	
精细3	
外观3	
舒适3	
外部3	
保障2	
保障3	
外观3	
外观3	
外观3	
舒适3	
舒适3	
外部3	
服务专业性3	
精细3	
精细3	
信息安全性1	
保障3	
外观3	
外观3	
精细3	
精细3	
舒适3	
服务专业性3	
服务专业性3	
外观3	
服务专业性2	
精细3	
精细3	
保障3	
精细3	
外观3	
精细1	
外观3	
保障3	
保障3	
外观3	
舒适3	
外部3	
外部3	
精细2	
外观3	
外部1	
精细3	
外观3	
外部3	
外部3	
外部3	
外观3	
外观3	
外部3	
服务专业性3	
精细3	
舒适3	
精细3	
保障3	
舒适3	
补偿合理性1	
外部3	
服务专业性3	
精细3	
保障3	
外观3	
保障3	
精细3	
外观3	
舒适3	
外观3	
外部2	
保障2	
保障3	
精细3	
响应及时性3	
舒适3	
精细3	
精细2	
精细3	
补偿合理性1	
外观3	
沟通有效性3	
精细3	
外部3	
外观3	
精细3	
保障2	
外部3	
精细3	
外部3	
外部3	
外观3	
响应及时性3	
外观3	
保障3	
外部3	
外部3	
精细3	
外部3	
舒适3	
外部2	
外观3	
精细3	
外部3	
服务专业性2	
保障3	
舒适3	
服务专业性3	
响应及时性3	
服务专业性3	
精细3	
外观3	
服务专业性3	
外观3	
精细3	
外观3	
保障3	
保障3	
外观3	
舒适2	
外部3	
外部3	
外部3	
外部3	
精细3	
外观3	
保障3	
沟通有效性2	
沟通有效性3	
舒适2	
精细3	
保障3	
精细3	
外观3	
舒适1	
保障3	
服务专业性3	
服务专业性3	
精细3	
精细3	
精细3	
外观3	
舒适3	
舒适3	
精细3	
外部3	
外观3	
精细3	
精细3	
精细3	
精细3	
外观3	
精细3	
沟通有效性3	
响应及时性3	
精细3	
精细3	
外观3	
外观3	
保障3	
外观3	
精细3	
外观3	
精细3	
外观3	
外观3	
外观3	
保障3	
外部2	
服务专业性3	
保障3	
外观2	
沟通有效性3	
沟通有效性3	
舒适3	
保障3	
保障3	
外观3	
保障3	
精细3	
外观3	
保障3	
外观3	
外观3	
精细3	
外观3	
舒适3	
舒适3	
外观3	
外观3	
保障2	
服务专业性3	
舒适3	
外观3	
保障3	
保障1	
精细3	
保障2	
保障1	
保障1	
外部2	
舒适2	
精细2	
沟通有效性3	
沟通有效性3	
外部3	
外观2	
外部3	
外部3	
服务专业性3	
精细3	
外观3	
保障3	
保障3	
舒适3	
精细3	
精细2	
外观3	
服务专业性3	
保障3	
外观3	
服务专业性3	
外观3	
服务专业性3	
精细3	
外部3	
外观3	
精细1	
牌证1	
保障1	
精细3	
外观1	
外观3	
外观3	
保障3	
舒适3	
舒适3	
舒适3	
精细1	
外观3	
保障3	
外观3	
外观3	
外观3	
外观3	
精细3	
保障1	
保障1	
舒适1	
保障1	
外观3	
保障3	
外部3	
舒适3	
服务专业性2	
精细2	
保障3	
舒适3	
外观3	
保障3	
舒适3	
外部3	
外观3	
外部3	
精细1	
精细1	
沟通有效性1	
外部1	
外部1	
外观3	
响应及时性3	
外观3	
保障3	
外部3	
精细3	
保障3	
外观3	
舒适3	
外观3	
服务专业性3	
外部3	
服务专业性3	
外部1	
精细3	
服务专业性3	
保障2	
外观3	
补偿合理性1	
服务专业性3	
舒适2	
服务专业性3	
外部3	
牌证3	
外部3	
保障3	
外观3	
保障3	
外部3	
外部3	
舒适3	
精细1	
精细2	
精细3	
舒适1	
精细1	
舒适3	
外观3	
外观3	
外部1	
信息安全性1	
外部3	
服务专业性1	
保障1	
响应及时性3	
沟通有效性3	
外部3	
外部3	
精细3	
外观3	
精细3	
精细3	
舒适2	
外部2	
精细1	
保障3	
服务专业性3	
外观3	
保障3	
外部3	
保障3	
外部3	
外观3	
精细1	
精细2	
外观3	
外部1	
精细3	
外观3	
精细3	
精细3	
外观3	
外观3	
外观3	
外观3	
外观3	
外观1	
舒适2	
保障3	
外部3	
外部3	
精细3	
外部3	
外部3	
外部3	
精细3	
服务专业性3	
外观2	
外观3	
保障3	
保障3	
服务专业性3	
精细3	
精细3	
保障3	
舒适3	
精细3	
保障3	
外观3	
外观2	
外观3	
精细3	
外观3	
保障3	
舒适3	
沟通有效性3	
服务专业性3	
精细3	
外观3	
精细3	
耐久3	
精细3	
保障3	
外观2	
舒适3	
外观3	
外部2	
外观2	
舒适3	
服务专业性2	
服务专业性2	
外部2	
保障2	
外部1	
保障2	
外观3	
精细3	
精细3	
服务专业性3	
沟通有效性3	
耐久3	
精细3	
外部3	
保障3	
外部3	
外部3	
保障3	
外部3	
外观3	
外部2	
沟通有效性3	
服务专业性2	
保障3	
保障3	
保障3	
保障3	
精细3	
服务专业性3	
沟通有效性3	
保障3	
外部3	
外部3	
外观2	
外部3	
舒适3	
服务专业性3	
耐久1	
精细3	
保障3	
耐久1	
精细3	
舒适2	
服务专业性3	
舒适3	
服务专业性3	
精细3	
精细3	
外部3	
保障3	
外部3	
保障3	
外观3	
精细3	
精细3	
保障3	
外观3	
舒适3	
沟通有效性1	
沟通有效性1	
舒适1	
外部3	
精细3	
精细3	
保障2	
外部3	
外观2	
沟通有效性3	
外观2	
外部2	
外部3	
耐久3	
保障3	
外部3	
精细3	
保障3	
服务专业性3	
精细3	
保障3	
服务专业性3	
服务专业性3	
沟通有效性3	
保障3	
保障3	
外观3	
外观3	
沟通有效性3	
响应及时性3	
外部2	
外观3	
保障3	
精细3	
外观3	
精细3	
外部2	
服务专业性3	
外观3	
保障3	
保障3	
舒适1	
响应及时性3	
服务专业性3	
精细3	
精细3	
精细3	
保障1	
精细3	
外观3	
外部3	
外部3	
外观3	
舒适3	
外观3	
外观3	
舒适3	
外观3	
外观3	
精细2	
舒适2	
精细2	
外观1	
精细2	
外观3	
精细1	
精细1	
保障1	
精细3	
保障2	
精细1	
保障2	
舒适1	
精细3	
保障1	
精细3	
舒适3	
外部3	
精细3	
外部3	
保障3	
保障3	
舒适3	
舒适3	
精细3	
舒适3	
舒适3	
保障3	
精细3	
保障3	
外观3	
服务专业性3	
精细3	
精细3	
外观3	
精细3	
外观3	
外观3	
保障3	
精细3	
沟通有效性3	
外部3	
舒适2	
外部3	
精细3	
外部3	
外观3	
精细3	
舒适2	
舒适2	
服务专业性3	
精细3	
精细3	
外观3	
舒适3	
保障3	
外观3	
精细3	
精细3	
精细3	
外观3	
保障3	
外观3	
外观3	
精细3	
精细2	
舒适3	
舒适3	
舒适2	
精细2	
外观3	
精细3	
外观3	
保障3	
外观3	
保障3	
舒适3	
精细3	
精细3	
保障1	
外部3	
外部3	
精细3	
外观3	
外观3	
精细3	
精细3	
服务专业性3	
保障3	
外观3	
外观3	
精细3	
外观1	
精细1	
外观2	
响应及时性3	
外部3	
外观3	
外观3	
精细3	
耐久3	
精细3	
外观3	
响应及时性3	
服务专业性3	
服务专业性1	
精细3	
外观3	
精细3	
舒适3	
外观3	
保障2	
外观3	
外部3	
服务专业性3	
外观3	
外观3	
舒适3	
精细3	
精细2	
外观2	
精细2	
舒适3	
外观3	
舒适1	
牌证1	
舒适1	
精细1	
精细2	
舒适3	
精细3	
外观3	
外观3	
服务专业性3	
精细3	
外观3	
外观3	
外观2	
精细3	
精细3	
保障3	
保障3	
外观3	
精细3	
精细3	
舒适2	
耐久1	
精细1	
精细1	
补偿合理性2	
外部3	
响应及时性3	
舒适3	
精细3	
外部3	
精细3	
外观3	
精细3	
精细3	
外部3	
精细3	
舒适3	
补偿合理性2	
外观3	
外部3	
外部3	
服务专业性3	
外观3	
外部3	
外部3	
服务专业性3	
保障3	
保障3	
保障3	
精细3	
外观3	
外观3	
保障3	
保障3	
精细3	
外观3	
保障3	
响应及时性3	
服务专业性3	
保障3	
保障3	
精细3	
保障3	
保障3	
舒适3	
保障3	
沟通有效性3	
舒适3	
舒适3	
保障3	
精细3	
外部3	
外部3	
服务专业性3	
服务专业性3	
外部2	
精细3	
精细3	
外观3	
外部3	
保障3	
精细3	
保障1	
精细1	
外部1	
外观3	
外观3	
舒适3	
外观3	
外部3	
外部3	
外观3	
外观3	
外观3	
舒适3	
舒适3	
保障3	
外观2	
外部3	
精细3	
保障3	
精细3	
保障3	
外观3	
外观3	
外部3	
舒适3	
外部3	
保障1	
外部2	
舒适2	
外部3	
沟通有效性2	
沟通有效性2	
服务专业性3	
精细3	
外部3	
精细2	
舒适2	
舒适3	
外观3	
保障3	
保障3	
舒适3	
外观3	
保障3	
保障3	
精细1	
外部2	
外部3	
外观3	
保障3	
外观3	
保障3	
外观3	
舒适2	
保障3	
服务专业性3	
服务专业性3	
外部2	
保障3	
精细3	
沟通有效性3	
外观3	
精细3	
服务专业性3	
精细3	
精细2	
外部2	
精细2	
外观3	
外部3	
服务专业性3	
外观3	
外观3	
外部3	
外观3	
外部2	
精细3	
精细3	
服务专业性2	
外部3	
精细3	
精细3	
外观3	
舒适3	
精细3	
外观3	
外观3	
外部3	
外部3	
精细3	
外观3	
精细3	
外观3	
精细3	
保障3	
外观3	
外观3	
外部1	
外观1	
保障2	
保障1	
舒适1	
保障2	
外部2	
外观2	
沟通有效性1	
精细2	
外部3	
舒适3	
精细1	
外部2	
外观3	
外观3	
精细3	
精细3	
舒适3	
外观3	
精细1	
沟通有效性3	
外部3	
保障3	
保障1	
保障3	
外观3	
保障2	
保障3	
外观3	
舒适3	
精细3	
精细3	
精细3	
外部3	
外部3	
服务专业性3	
服务专业性3	
外观3	
外观3	
精细3	
保障3	
舒适3	
外观2	
舒适2	
外部1	
耐久3	
外部3	
精细3	
保障3	
精细3	
外部1	
精细3	
保障3	
服务专业性3	
保障3	
舒适3	
服务专业性3	
耐久3	
保障3	
精细3	
服务专业性3	
精细3	
外观3	
精细3	
保障2	
舒适2	
舒适2	
精细3	
精细3	
外观1	
舒适3	
外观3	
外观2	
舒适3	
外部1	
外观3	
外观3	
保障3	
外观3	
响应及时性3	
响应及时性3	
精细1	
保障3	
外观3	
精细3	
外观2	
外观3	
保障3	
保障3	
外部3	
外部3	
精细3	
精细3	
外观3	
外观3	
精细3	
舒适3	
舒适3	
精细2	
沟通有效性3	
精细3	
舒适3	
舒适3	
保障3	
服务专业性3	
服务专业性3	
外部3	
外观3	
外观3	
精细3	
精细3	
外观3	
服务专业性3	
外观3	
外部3	
外部3	
舒适3	
保障1	
精细3	
外观3	
外观3	
外观3	
舒适3	
精细3	
精细3	
外观2	
外部3	
响应及时性3	
外观3	
外观3	
保障2	
外观3	
外部1	
精细2	
外部2	
响应及时性1	
外观2	
舒适1	
精细3	
服务专业性1	
外部3	
服务专业性1	
精细3	
精细3	
精细3	
舒适2	
精细3	
保障3	
保障3	
外部3	
外部3	
保障1	
外观3	
外观3	
精细3	
补偿合理性1	
外观2	
外观3	
服务专业性3	
舒适3	
外观2	
精细2	
精细3	
精细3	
服务专业性3	
服务专业性3	
沟通有效性3	
服务专业性3	
外观3	
舒适3	
保障2	
精细3	
服务专业性3	
舒适1	
精细3	
保障3	
服务专业性3	
外观3	
外部2	
外部2	
外观3	
精细3	
外部3	
舒适2	
响应及时性3	
精细3	
外观3	
保障3	
外部3	
外部3	
服务专业性3	
外部3	
舒适3	
外部3	
精细3	
外观3	
外部3	
精细3	
保障3	
保障3	
沟通有效性3	
耐久3	
精细3	
舒适3	
外观3	
外观3	
服务专业性3	
外部3	
精细3	
舒适3	
精细3	
沟通有效性3	
保障3	
舒适2	
外部1	
外观3	
服务专业性1	
外观3	
外观3	
精细3	
服务专业性3	
精细3	
外部3	
精细3	
精细3	
保障3	
外观3	
保障3	
保障3	
外观3	
外部2	
舒适1	
服务专业性3	
保障3	
精细3	
服务专业性3	
外观3	
保障3	
外观3	
精细3	
外观3	
精细3	
舒适3	
外观3	
精细3	
服务专业性3	
精细3	
外观3	
外部3	
外部3	
外观3	
精细3	
外观3	
保障2	
响应及时性3	
沟通有效性3	
舒适3	
耐久3	
服务专业性3	
舒适3	
外部3	
外观2	
服务专业性3	
服务专业性2	
服务专业性2	
外观3	
精细2	
保障3	
外观3	
舒适3	
沟通有效性1	
外部1	
外部2	
外部2	
外部3	
外观2	
外观3	
外观1	
外观3	
精细3	
精细3	
舒适2	
外观2	
外观3	
外观3	
外观3	
外观3	
保障2	
外观1	
舒适1	
保障1	
精细3	
舒适3	
精细3	
精细3	
保障3	
外观3	
精细3	
舒适3	
精细1	
耐久1	
服务专业性1	
精细1	
响应及时性1	
精细2	
保障3	
外观3	
外部3	
服务专业性3	
外部3	
保障2	
保障3	
舒适3	
保障3	
精细3	
沟通有效性3	
精细3	
保障3	
外部3	
精细3	
沟通有效性3	
保障3	
外观2	
外观3	
保障3	
外观3	
保障1	
外观2	
沟通有效性2	
外部2	
精细2	
外观1	
精细3	
保障3	
舒适2	
舒适3	
服务专业性3	
沟通有效性3	
沟通有效性3	
沟通有效性3	
外观3	
精细3	
保障3	
外观3	
舒适3	
精细3	
精细3	
精细1	
精细1	
外部2	
外部3	
精细2	
外观1	
外观3	
外部3	
服务专业性1	
精细1	
精细1	
外部1	
保障3	
保障3	
舒适3	
外观3	
精细3	
外观3	
外部3	
精细3	
响应及时性3	
外观3	
精细1	
舒适3	
保障3	
保障3	
外部3	
保障2	
精细1	
外部2	
外观3	
精细3	
保障3	
外部3	
保障1	
保障3	
舒适3	
保障3	
保障3	
保障3	
保障3	
舒适3	
外观3	
舒适3	
保障3	
保障3	
服务专业性3	
保障3	
舒适3	
舒适1	
舒适1	
外观3	
外观3	
外部2	
服务专业性1	
外观3	
保障2	
外观2	
舒适3	
舒适3	
沟通有效性3	
外观3	
外观1	
保障3	
外观3	
精细3	
服务专业性3	
外观3	
外观3	
精细3	
保障1	
补偿合理性1	
精细3	
外部3	
外部3	
服务专业性3	
沟通有效性3	
服务专业性3	
精细3	
服务专业性3	
服务专业性3	
沟通有效性3	
服务专业性3	
舒适2	
外观3	
外部3	
外部3	
外部3	
精细3	
外观3	
外观3	
外观3	
外观3	
舒适3	
精细3	
外观3	
外观3	
外观3	
耐久3	
精细3	
舒适3	
精细3	
精细1	
外部1	
外部3	
外部3	
保障3	
保障1	
外观3	
外观1	
舒适3	
舒适2	
外观3	
舒适3	
外部3	
精细3	
外观3	
外观3	
外观3	
外观1	
外观3	
舒适1	
外观2	
保障1	
舒适3	
服务专业性3	
保障1	
舒适3	
耐久1	
保障3	
精细3	
外观3	
保障3	
外部2	
服务专业性3	
外部3	
外观2	
服务专业性3	
保障1	
外观3	
服务专业性1	
外观3	
精细2	
外观3	
舒适2	
响应及时性3	
外观3	
外部3	
舒适2	
外观3	
外部3	
服务专业性3	
舒适2	
精细3	
精细3	
外观3	
保障3	
精细3	
精细3	
外观2	
外观2	
外部3	
舒适3	
精细2	
舒适3	
外部3	
外观3	
外观3	
外观3	
舒适3	
外观3	
舒适3	
精细2	
精细2	
精细2	
外观1	
保障2	
外观2	
舒适3	
保障3	
外观3	
保障1	
精细1	
舒适3	
信息安全性1	
外观3	
外观3	
保障3	
外观3	
精细3	
外部3	
精细2	
外观1	
外观3	
外部3	
外部3	
外部3	
精细3	
沟通有效性3	
舒适3	
保障1	
外观2	
外部3	
精细3	
外部3	
外观3	
保障3	
外观3	
外部3	
精细3	
外部3	
服务专业性3	
精细3	
精细1	
精细1	
外观3	
外观3	
服务专业性3	
服务专业性3	
外部3	
沟通有效性3	
保障3	
外部3	
外部3	
精细3	
精细3	
服务专业性3	
沟通有效性3	
外部3	
外部3	
外部3	
舒适2	
外部3	
精细1	
外观3	
保障3	
舒适3	
响应及时性3	
服务专业性3	
沟通有效性3	
外部3	
精细3	
保障3	
舒适3	
舒适3	
精细3	
响应及时性3	
服务专业性3	
外观3	
精细3	
保障3	
精细3	
服务专业性3	
精细3	
舒适2	
外观3	
精细3	
服务专业性3	
沟通有效性3	
精细3	
服务专业性2	
精细3	
沟通有效性3	
外部3	
外观3	
外观3	
保障3	
保障3	
舒适3	
外部2	
服务专业性3	
服务专业性3	
服务专业性3	
沟通有效性2	
沟通有效性3	
外观3	
外部3	
服务专业性3	
保障3	
精细3	
精细3	
舒适3	
精细3	
外观3	
舒适2	
外部3	
精细3	
外观3	
外观3	
服务专业性3	
服务专业性3	
保障3	
舒适3	
舒适2	
精细3	
保障3	
保障3	
服务专业性1	
外观3	
舒适2	
舒适3	
精细3	
精细3	
舒适2	
外观3	
外观3	
舒适3	
精细1	
外部3	
保障3	
精细3	
保障3	
保障3	
外观3	
舒适3	
舒适3	
外观3	
外观3	
保障3	
精细3	
精细3	
外部3	
保障3	
精细2	
精细2	
精细3	
服务专业性3	
精细3	
舒适3	
精细1	
补偿合理性1	
外部2	
保障2	
精细1	
外部3	
牌证2	
耐久3	
精细3	
保障3	
精细3	
服务专业性3	
精细1	
外观3	
外观2	
精细2	
外观3	
保障3	
外观3	
外观3	
精细3	
舒适3	
外观3	
外观3	
精细3	
舒适3	
精细2	
精细1	
舒适3	
保障3	
外观1	
保障3	
精细3	
服务专业性3	
保障3	
外观3	
服务专业性3	
精细1	
服务专业性1	
舒适2	
服务专业性2	
外部3	
沟通有效性3	
服务专业性3	
外观3	
舒适1	
外部2	
外观3	
外观3	
保障3	
舒适2	
耐久1	
耐久1	
外观1	
精细3	
外部3	
外观3	
精细3	
外观3	
服务专业性3	
精细3	
舒适3	
外观3	
服务专业性3	
外部2	
外观3	
精细2	
保障2	
保障2	
精细3	
外观3	
外观3	
外部3	
外部3	
精细2	
外观3	
服务专业性3	
外部3	
外部2	
舒适3	
外部2	
外观3	
舒适3	
精细3	
保障3	
服务专业性3	
服务专业性3	
保障3	
精细3	
外观3	
舒适3	
外部3	
舒适3	
保障3	
精细3	
外观3	
外观3	
精细3	
外观3	
外观3	
外观3	
外观3	
舒适2	
舒适3	
舒适2	
保障3	
外观3	
精细3	
服务专业性3	
精细3	
耐久1	
保障1	
沟通有效性2	
外部1	
保障3	
精细3	
保障3	
保障3	
外部2	
舒适3	
外观3	
精细3	
外观3	
精细3	
舒适2	
精细1	
精细3	
外观3	
外观3	
精细3	
外部3	
舒适3	
外观3	
外部3	
精细2	
保障2	
响应及时性3	
保障3	
外观3	
精细3	
外观3	
外观3	
保障3	
精细3	
保障3	
精细1	
耐久1	
耐久1	
精细3	
舒适3	
舒适3	
舒适2	
外观3	
外观3	
外观3	
外观3	
舒适1	
精细1	
耐久3	
外观3	
精细3	
服务专业性1	
响应及时性1	
服务专业性1	
保障2	
舒适3	
保障3	
保障3	
保障3	
保障3	
外部3	
服务专业性2	
外部2	
外观3	
外部3	
保障3	
外观3	
精细3	
保障3	
舒适3	
服务专业性3	
外部3	
精细2	
保障2	
保障1	
外部3	
外部3	
外部3	
精细3	
外观3	
精细3	
保障3	
外部1	
外观3	
保障3	
外观3	
外观3	
外观3	
外观3	
精细3	
保障3	
耐久1	
舒适2	
外观2	
保障3	
舒适3	
保障1	
舒适2	
舒适2	
舒适2	
舒适2	
精细3	
精细3	
外观3	
精细3	
精细3	
沟通有效性3	
保障3	
外观2	
外观3	
保障3	
舒适2	
外部3	
舒适2	
外观3	
外部3	
精细3	
外观3	
外部3	
精细3	
沟通有效性3	
精细3	
精细3	
舒适2	
舒适1	
外观3	
精细3	
精细3	
外部3	
精细3	
外部3	
保障3	
保障3	
舒适3	
保障3	
外观3	
外观3	
精细3	
舒适3	
舒适1	
保障3	
外观3	
外部2	
外部2	
精细3	
外观3	
保障3	
保障3	
舒适3	
舒适3	
舒适3	
精细1	
保障3	
耐久3	
精细3	
保障3	
保障2	
保障1	
舒适1	
舒适3	
保障3	
外观3	
精细3	
外观3	
服务专业性1	
沟通有效性3	
外部3	
精细3	
外部3	
外部3	
服务专业性3	
精细2	
保障3	
保障3	
保障3	
服务专业性3	
服务专业性3	
外观3	
精细3	
耐久1	
外部3	
舒适1	
外部3	
精细3	
舒适2	
外部1	
舒适2	
外观3	
外观3	
精细3	
精细3	
外观3	
外观3	
服务专业性3	
耐久1	
精细3	
保障3	
舒适3	
精细1	
外观3	
外部3	
外部2	
响应及时性1	
保障3	
外观3	
精细3	
外观3	
精细2	
服务专业性2	
补偿合理性1	
响应及时性2	
服务专业性1	
服务专业性1	
服务专业性1	
沟通有效性1	
沟通有效性1	
服务专业性1	
外部3	
保障3	
外观3	
外部1	
服务专业性3	
精细3	
外观3	
沟通有效性2	
舒适1	
保障1	
保障1	
外观3	
精细3	
服务专业性3	
服务专业性3	
保障3	
外观3	
精细3	
舒适3	
保障3	
精细3	
外观1	
保障3	
保障3	
保障3	
舒适3	
保障1	
舒适2	
服务专业性3	
耐久2	
外观3	
保障3	
外观3	
舒适3	
精细3	
外观3	
外部3	
保障3	
舒适3	
外部3	
保障3	
舒适3	
精细3	
外观3	
外观3	
服务专业性1	
舒适3	
精细3	
外部3	
服务专业性2	
精细3	
外观3	
外观3	
舒适3	
精细3	
服务专业性3	
服务专业性3	
沟通有效性3	
精细1	
外观1	
精细2	
舒适2	
舒适3	
外观3	
外观3	
精细3	
保障3	
外观3	
精细3	
外观3	
保障3	
精细3	
精细3	
外部1	
保障3	
外部3	
外观3	
保障3	
精细3	
精细2	
精细3	
精细3	
保障3	
响应及时性3	
沟通有效性3	
保障3	
服务专业性3	
舒适3	
外部3	
精细3	
外观3	
外部3	
精细3	
精细3	
保障3	
保障3	
保障3	
外部3	
精细3	
外观3	
精细2	
精细3	
服务专业性1	
保障3	
外观3	
舒适3	
保障3	
外观2	
保障3	
服务专业性3	
精细3	
服务专业性3	
外观3	
外部3	
外观3	
舒适3	
保障3	
保障3	
精细3	
舒适3	
服务专业性3	
服务专业性3	
精细3	
舒适3	
精细3	
精细3	
保障3	
补偿合理性1	
精细1	
精细3	
外观3	
外观3	
外观3	
精细3	
保障3	
精细1	
舒适3	
舒适3	
服务专业性3	
保障3	
外观3	
精细3	
外观3	
外观3	
舒适2	
保障3	
保障3	
保障3	
舒适3	
精细3	
外观1	
外部3	
外部1	
精细1	
精细1	
精细3	
精细1	
外部2	
精细2	
精细1	
外部3	
保障3	
舒适3	
舒适3	
精细3	
耐久3	
精细3	
外观2	
外部3	
舒适3	
外观3	
精细3	
服务专业性1	
服务专业性1	
服务专业性1	
外部2	
精细2	
服务专业性3	
外观1	
外观3	
保障3	
外部3	
精细3	
服务专业性3	
外观3	
外观3	
外观3	
精细3	
精细3	
保障3	
外观3	
精细3	
外观3	
外观3	
保障3	
外观3	
保障3	
外观3	
外观3	
精细3	
保障3	
服务专业性3	
外部3	
保障3	
精细3	
精细3	
外观3	
外观2	
保障3	
舒适3	
精细2	
保障1	
舒适1	
舒适2	
舒适3	
舒适2	
精细1	
保障3	
外观3	
精细3	
服务专业性2	
服务专业性3	
精细3	
服务专业性3	
外观3	
保障3	
精细3	
外观3	
精细3	
外部3	
精细3	
精细2	
精细3	
外观3	
精细3	
保障3	
保障3	
舒适3	
舒适3	
外部1	
保障3	
外部3	
外部3	
外观3	
外观3	
外观3	
保障3	
耐久3	
保障3	
保障3	
舒适3	
舒适3	
保障2	
舒适2	
保障3	
响应及时性3	
精细3	
精细3	
精细3	
外观3	
外观3	
精细3	
精细3	
外部3	
外观3	
外观3	
精细3	
服务专业性3	
舒适2	
精细3	
外部3	
沟通有效性3	
补偿合理性1	
精细1	
外观3	
舒适3	
精细3	
精细3	
精细2	
外观2	
保障3	
响应及时性3	
外部3	
外部3	
舒适3	
精细3	
外观3	
舒适3	
保障3	
舒适3	
舒适3	
外部3	
外观1	
外部1	
外部1	
舒适3	
精细3	
服务专业性1	
外观3	
外部3	
精细3	
外部3	
外部3	
服务专业性3	
外部3	
外部3	
精细3	
服务专业性3	
保障1	
外观3	
舒适2	
外观3	
外观3	
外观3	
外观3	
耐久1	
外观2	
外观1	
外部2	
服务专业性2	
外观1	
外观2	
外观3	
外部3	
服务专业性3	
外部3	
外观3	
保障3	
外观3	
精细3	
外观3	
舒适3	
精细3	
外部3	
保障3	
外部3	
耐久1	
精细1	
保障1	
外观3	
保障3	
精细3	
保障3	
舒适3	
精细3	
外部2	
服务专业性1	
舒适3	
外观2	
外观2	
精细2	
精细1	
精细1	
外观3	
舒适3	
舒适2	
外观3	
外观3	
外观3	
精细1	
外观3	
外观3	
保障3	
外部2	
服务专业性2	
精细2	
外部2	
外观3	
外部3	
舒适2	
保障3	
外观3	
保障3	
外部3	
外观1	
保障3	
精细3	
外观3	
外部2	
保障3	
精细3	
外观3	
舒适3	
服务专业性2	
外观3	
保障3	
精细3	
外观1	
精细3	
外部3	
服务专业性3	
沟通有效性3	
服务专业性3	
外部3	
保障3	
耐久3	
保障3	
保障3	
保障3	
外观3	
精细3	
沟通有效性3	
外部3	
服务专业性3	
耐久1	
外部3	
外部3	
外观3	
外部3	
外部1	
舒适3	
保障3	
舒适3	
保障3	
舒适1	
舒适2	
舒适2	
保障3	
外部3	
舒适3	
精细3	
精细3	
牌证1	
外部1	
服务专业性3	
外部3	
保障3	
精细3	
服务专业性3	
外部1	
外部3	
沟通有效性3	
外观1	
保障1	
精细3	
精细3	
外部3	
保障3	
保障3	
舒适3	
外部3	
外部3	
外观2	
外观3	
外观3	
保障3	
外观3	
精细1	
外观3	
保障3	
外部3	
保障3	
保障3	
精细2	
精细3	
响应及时性3	
服务专业性3	
精细3	
舒适3	
服务专业性3	
外部3	
精细3	
外观2	
外部3	
精细3	
外观3	
保障2	
舒适2	
精细1	
外观3	
外观3	
外观3	
外观2	
精细3	
精细2	
舒适3	
精细3	
外观3	
精细3	
服务专业性3	
服务专业性3	
保障3	
外观3	
响应及时性3	
服务专业性3	
服务专业性3	
精细1	
外观3	
外观3	
精细3	
精细3	
外观3	
保障3	
舒适2	
保障3	
精细3	
外观3	
外观3	
保障3	
精细3	
保障3	
保障3	
精细3	
舒适2	
外部1	
舒适3	
精细2	
舒适2	
舒适3	
外部3	
保障3	
精细3	
保障3	
沟通有效性3	
外观3	
外观3	
外观3	
外观3	
保障3	
保障3	
舒适3	
外观3	
精细3	
精细2	
外部2	
舒适2	
服务专业性2	
外部2	
外观3	
保障3	
牌证1	
精细3	
外观3	
精细1	
外观3	
舒适3	
外观3	
外部3	
外观1	
精细3	
外部3	
外观3	
外观3	
保障3	
保障3	
外部3	
舒适2	
沟通有效性3	
外观3	
保障3	
精细3	
保障3	
外部2	
舒适2	
保障3	
外观3	
响应及时性3	
精细3	
精细3	
沟通有效性2	
外部2	
舒适1	
服务专业性2	
服务专业性3	
响应及时性1	
精细3	
服务专业性1	
外观3	
精细3	
保障3	
精细3	
外观3	
外观3	
耐久1	
保障3	
外观3	
舒适3	
精细3	
沟通有效性3	
精细3	
外部2	
外观3	
保障3	
外观2	
外观3	
精细3	
外观3	
外部2	
外观3	
外观3	
保障3	
外部3	
外观2	
精细3	
外部3	
外观3	
外观3	
精细3	
外部3	
舒适2	
保障2	
舒适3	
舒适3	
保障3	
精细3	
外观3	
外观3	
保障3	
精细3	
保障3	
舒适3	
舒适3	
外部3	
精细2	
保障1	
精细2	
精细2	
服务专业性3	
外观3	
外观3	
保障3	
外观3	
舒适2	
舒适3	
舒适2	
精细1	
外观3	
保障3	
舒适3	
舒适3	
外部3	
外部2	
外部2	
外部1	
精细3	
外部3	
保障3	
沟通有效性1	
耐久1	
服务专业性3	
外部3	
外部3	
外观3	
外观3	
精细3	
外观3	
外观3	
外部3	
外部3	
精细3	
精细3	
保障3	
舒适3	
舒适3	
舒适2	
舒适2	
舒适3	
外观1	
外观3	
精细3	
外观3	
保障3	
外部3	
舒适3	
保障3	
外观3	
外观3	
精细3	
外部3	
外部3	
保障2	
精细1	
精细3	
舒适3	
保障3	
外观3	
外部2	
外部3	
舒适3	
精细3	
精细2	
外观3	
精细3	
保障3	
舒适1	
保障3	
舒适3	
耐久3	
保障3	
外观3	
保障2	
外部3	
外观3	
外观3	
舒适3	
外部3	
精细3	
服务专业性3	
精细3	
精细1	
精细1	
精细1	
精细1	
保障2	
服务专业性2	
服务专业性3	
外部3	
精细3	
精细3	
精细3	
保障3	
舒适3	
精细3	
外部3	
精细3	
服务专业性3	
服务专业性3	
外观3	
外观3	
外观3	
精细3	
精细3	
外观3	
外部3	
外部3	
外观3	
外观3	
舒适2	
精细3	
外观3	
外观3	
精细3	
外观3	
舒适3	
外观3	
外观3	
精细3	
外观3	
舒适3	
精细3	
保障3	
保障3	
精细1	
外部3	
外观1	
精细3	
外观3	
外部3	
外部3	
精细2	
精细3	
舒适3	
保障3	
精细3	
外部3	
服务专业性3	
外部3	
精细3	
精细3	
外部3	
耐久1	
保障3	
保障3	
舒适3	
舒适3	
保障3	
外部3	
外观3	
精细1	
保障3	
精细3	
外观3	
外观3	
保障3	
外观2	
精细3	
外部1	
精细3	
服务专业性3	
精细3	
服务专业性3	
外部3	
外部3	
服务专业性2	
服务专业性3	
外观3	
外观3	
保障3	
外观3	
外观3	
精细3	
外部2	
外观3	
外部3	
外部3	
服务专业性3	
舒适3	
精细3	
舒适3	
精细3	
精细3	
外部3	
外部3	
外部3	
外部3	
服务专业性3	
外部3	
舒适3	
外观2	
外部2	
外观3	
外观3	
精细3	
外部3	
外部3	
外部3	
精细3	
精细2	
外部3	
舒适3	
外观3	
舒适3	
舒适1	
精细1	
精细3	
保障3	
外观3	
舒适3	
舒适3	
精细3	
外观3	
精细3	
外观3	
精细3	
舒适2	
保障3	
保障1	
精细3	
耐久1	
保障3	
精细3	
外部3	
外部3	
精细3	
精细3	
外部3	
响应及时性3	
外部3	
外观3	
外观3	
外观3	
服务专业性3	
服务专业性3	
外观3	
外部3	
外部3	
保障3	
保障3	
精细3	
精细3	
外观1	
保障3	
保障3	
外观3	
外观3	
保障3	
外观3	
保障3	
保障3	
精细3	
外观3	
服务专业性3	
外部2	
保障3	
服务专业性1	
保障3	
外观2	
保障3	
外观2	
保障3	
外观2	
精细3	
沟通有效性3	
外观2	
保障3	
保障3	
保障3	
精细3	
舒适3	
舒适3	
外观3	
舒适3	
精细3	
精细1	
精细1	
舒适2	
保障3	
外部3	
保障3	
耐久3	
精细3	
外观2	
保障3	
保障3	
舒适3	
保障3	
保障3	
外观3	
精细1	
外观3	
外部3	
舒适3	
精细3	
外部3	
外观2	
保障3	
舒适2	
响应及时性1	
沟通有效性1	
保障3	
舒适3	
舒适3	
保障3	
沟通有效性3	
响应及时性3	
外部3	
保障3	
外部3	
精细3	
舒适3	
外观3	
保障3	
外观3	
精细3	
外观3	
外观3	
外部1	
外观3	
沟通有效性1	
精细3	
外观3	
外观3	
保障3	
外观3	
外观3	
保障3	
外观3	
外部3	
服务专业性3	
保障3	
保障3	
保障3	
沟通有效性3	
信息安全性1	
外部3	
保障1	
外观3	
舒适3	
外观3	
精细3	
沟通有效性3	
舒适3	
精细2	
补偿合理性1	
精细1	
服务专业性1	
信息安全性1	
精细3	
舒适3	
保障1	
精细2	
精细3	
外观3	
保障3	
保障2	
精细2	
信息安全性1	
外观3	
服务专业性3	
精细3	
外观2	
外部2	
精细3	
服务专业性3	
服务专业性3	
精细3	
舒适3	
外部2	
外观3	
外观3	
保障3	
舒适3	
保障3	
外部3	
外部3	
保障3	
保障3	
精细3	
精细3	
精细3	
保障3	
外观3	
外观3	
保障1	
舒适3	
保障3	
舒适3	
外观3	
外观2	
外部3	
外部3	
外部3	
舒适3	
外观2	
沟通有效性3	
外观3	
舒适2	
外观3	
精细3	
外部3	
舒适3	
外部2	
外观3	
保障3	
保障3	
精细3	
精细3	
外部3	
外部3	
精细1	
精细2	
外部2	
服务专业性3	
精细2	
外部1	
精细3	
保障3	
外部3	
沟通有效性3	
沟通有效性3	
外观3	
精细3	
保障3	
舒适3	
外观3	
精细2	
外部3	
外部3	
精细2	
保障3	
精细3	
外部3	
外部3	
舒适3	
外观3	
耐久3	
外观3	
舒适3	
舒适3	
保障3	
舒适3	
保障3	
外观1	
精细3	
保障1	
响应及时性3	
服务专业性1	
精细2	
保障1	
外观2	
精细3	
外部3	
外观3	
服务专业性3	
外观3	
保障3	
舒适2	
外观3	
保障3	
外观3	
外观3	
外观3	
外观3	
精细3	
外观3	
保障3	
外部3	
外部3	
外部3	
舒适3	
精细2	
外部3	
保障3	
精细3	
保障3	
外部2	
服务专业性3	
外观3	
保障3	
精细3	
耐久1	
保障3	
外部3	
耐久1	
精细3	
外观3	
外部3	
外观3	
精细3	
外部3	
沟通有效性3	
外观3	
外观3	
舒适3	
舒适2	
精细3	
舒适3	
外观3	
舒适2	
精细1	
精细1	
精细3	
外观3	
外部3	
精细3	
精细3	
舒适3	
耐久1	
保障2	
精细2	
精细3	
外观3	
外部3	
牌证1	
外部1	
耐久2	
保障2	
舒适2	
外部2	
保障3	
保障3	
精细3	
外部3	
外部3	
外观2	
外观3	
外部3	
外观3	
沟通有效性1	
外部1	
外观3	
外观3	
保障3	
舒适3	
外部3	
服务专业性3	
舒适3	
舒适3	
精细2	
牌证1	
舒适3	
精细3	
外部3	
舒适3	
外部2	
外观3	
精细3	
外观3	
外观2	
外观3	
精细2	
外观2	
外部3	
外观3	
外观1	
舒适1	
外部3	
外部1	
舒适2	
外观1	
保障3	
舒适3	
精细1	
精细3	
外观3	
舒适3	
保障1	
精细3	
服务专业性3	
外观3	
外观3	
外观3	
外观3	
精细3	
保障2	
舒适2	
舒适2	
舒适1	
保障3	
精细3	
响应及时性1	
外观3	
舒适3	
保障1	
保障2	
保障3	
耐久3	
外观3	
外观3	
精细3	
外部3	
外部3	
外部3	
精细3	
牌证1	
服务专业性2	
服务专业性1	
精细2	
精细2	
外部2	
外观3	
舒适3	
保障3	
舒适3	
外部3	
外观3	
保障3	
外观3	
精细3	
外观3	
外观3	
舒适3	
舒适3	
精细3	
外观3	
外观3	
精细3	
服务专业性2	
精细1	
舒适3	
精细3	
外观3	
外观3	
舒适3	
外部3	
外部3	
服务专业性3	
外部3	
精细3	
保障3	
外观3	
外部3	
外观3	
精细3	
保障3	
精细2	
精细1	
外部2	
精细3	
外部3	
沟通有效性3	
保障3	
外观3	
精细3	
外观3	
精细3	
舒适3	
精细3	
舒适1	
保障3	
精细3	
保障3	
耐久3	
精细3	
外观3	
精细3	
舒适3	
外部3	
外部3	
服务专业性3	
外部3	
外观3	
保障3	
外部3	
舒适2	
服务专业性3	
精细3	
精细3	
耐久1	
精细3	
保障2	
保障3	
外观3	
服务专业性3	
外观2	
舒适2	
保障3	
舒适3	
外观3	
舒适3	
服务专业性3	
精细3	
外观3	
服务专业性3	
外观3	
外观3	
外观3	
保障3	
舒适3	
保障2	
保障2	
外观2	
服务专业性3	
精细3	
保障3	
外部3	
外观3	
耐久3	
舒适3	
外观1	
外观3	
精细3	
外观3	
服务专业性1	
舒适3	
精细3	
保障3	
舒适3	
舒适3	
外观3	
外观3	
精细1	
服务专业性2	
舒适2	
外观3	
精细1	
牌证1	
响应及时性2	
舒适3	
外观3	
外观3	
外观3	
外观3	
外部3	
保障3	
舒适3	
外观3	
保障3	
信息安全性1	
服务专业性1	
响应及时性1	
舒适1	
精细1	
精细1	
外观3	
外观3	
精细2	
舒适2	
牌证1	
外观3	
外观3	
精细3	
外观3	
服务专业性3	
服务专业性3	
精细3	
保障3	
精细2	
服务专业性3	
精细3	
精细3	
精细3	
外观3	
保障3	
保障3	
舒适3	
外部3	
外部3	
精细3	
舒适1	
外部3	
精细3	
舒适3	
服务专业性3	
精细3	
精细3	
精细1	
精细1	
精细3	
精细3	
服务专业性3	
外部1	
舒适3	
精细3	
保障3	
外部3	
舒适3	
保障3	
外观2	
舒适1	
保障3	
舒适3	
精细1	
精细3	
保障3	
服务专业性3	
舒适3	
外观3	
精细3	
精细1	
外部1	
外部2	
外部3	
保障3	
舒适3	
外观3	
精细3	
外观3	
舒适2	
保障3	
精细3	
服务专业性3	
沟通有效性3	
外观3	
精细3	
服务专业性3	
外观3	
外观3	
外观3	
精细3	
精细2	
精细2	
响应及时性1	
服务专业性2	
响应及时性1	
外观3	
服务专业性2	
外观3	
保障3	
外部3	
外观3	
精细3	
精细3	
保障3	
保障3	
保障3	
精细3	
舒适3	
精细3	
保障3	
精细3	
舒适3	
外部3	
精细3	
保障3	
保障3	
舒适3	
响应及时性3	
精细3	
精细1	
舒适2	
舒适3	
舒适3	
精细3	
补偿合理性1	
外观2	
外观3	
舒适3	
外观3	
保障3	
外部3	
精细3	
外部3	
保障3	
保障3	
精细3	
精细3	
保障3	
精细1	
响应及时性1	
外部2	
舒适2	
外观3	
舒适3	
服务专业性3	
保障2	
外部2	
外部3	
保障3	
保障3	
精细1	
精细1	
外观3	
保障3	
舒适3	
耐久1	
外观3	
精细3	
保障3	
保障3	
舒适2	
外观1	
外部3	
外观3	
外观3	
外观1	
服务专业性1	
外观3	
外观3	
外观3	
保障3	
精细3	
舒适2	
外观2	
外观3	
精细1	
外观3	
保障1	
外观3	
外观3	
服务专业性3	
外部3	
服务专业性3	
舒适3	
精细3	
响应及时性3	
服务专业性3	
精细1	
舒适2	
沟通有效性1	
沟通有效性3	
精细3	
服务专业性3	
保障3	
外部3	
外部3	
外部3	
沟通有效性2	
外部3	
舒适3	
舒适3	
舒适3	
外部1	
外部1	
外部2	
外部2	
外部2	
外部1	
外部1	
外部3	
舒适3	
外观1	
精细2	
精细3	
外观3	
精细2	
外观2	
外观3	
精细3	
外部3	
外观3	
外观3	
精细3	
精细3	
舒适1	
舒适2	
外部2	
外观3	
舒适2	
舒适3	
外观3	
舒适3	
耐久1	
外观3	
保障3	
精细2	
外部2	
舒适3	
外观3	
外观3	
沟通有效性3	
服务专业性3	
外部3	
服务专业性3	
舒适3	
耐久3	
保障3	
外部3	
精细1	
保障2	
保障2	
外观3	
精细3	
外观2	
保障3	
外部2	
保障3	
舒适2	
精细3	
舒适3	
外观3	
外观3	
外观2	
保障3	
精细3	
舒适3	
舒适3	
外部3	
外观3	
服务专业性3	
保障3	
外观3	
保障3	
精细3	
外观3	
精细3	
外观3	
精细1	
舒适1	
外观3	
精细3	
精细3	
外观3	
外观3	
精细3	
沟通有效性3	
服务专业性3	
沟通有效性3	
外部3	
外观3	
舒适1	
舒适3	
服务专业性2	
沟通有效性3	
外部3	
精细3	
精细3	
保障3	
精细3	
保障3	
外观3	
外观3	
外观3	
外观3	
舒适3	
外观3	
外部3	
外部3	
外部3	
外部3	
沟通有效性2	
精细3	
外观3	
精细2	
外观3	
外观3	
响应及时性3	
舒适2	
外部2	
保障3	
外部3	
外部3	
精细3	
外观3	
精细1	
舒适1	
精细3	
保障1	
外观3	
保障3	
外观2	
精细3	
外观2	
外观3	
外观3	
外观3	
响应及时性3	
舒适3	
舒适2	
保障3	
保障3	
外观3	
精细3	
精细3	
外部3	
服务专业性3	
服务专业性3	
沟通有效性3	
外观3	
外观3	
沟通有效性1	
外部1	
外观3	
精细3	
外观3	
保障3	
精细3	
舒适3	
舒适2	
保障3	
外部3	
外观3	
外观3	
耐久3	
耐久3	
耐久1	
外部2	
保障3	
服务专业性3	
沟通有效性3	
保障3	
外观3	
外部3	
舒适3	
舒适3	
保障3	
外部3	
保障3	
外部3	
精细1	
外部3	
响应及时性3	
保障3	
外部3	
外观3	
精细3	
保障1	
精细3	
外观3	
精细3	
外观3	
服务专业性3	
舒适3	
响应及时性1	
保障3	
舒适3	
外观3	
保障2	
外部3	
保障3	
外观3	
舒适3	
外观3	
保障3	
精细3	
保障3	
外观3	
外观3	
外观3	
舒适3	
外观3	
外观3	
保障3	
外观3	
外观3	
沟通有效性3	
舒适1	
牌证1	
外部1	
外部2	
精细2	
沟通有效性3	
精细3	
外观3	
舒适3	
精细3	
外观1	
外观2	
沟通有效性3	
沟通有效性3	
外部3	
外部2	
精细3	
舒适3	
外部3	
保障3	
保障3	
保障3	
舒适3	
舒适3	
外部3	
外观2	
外观3	
沟通有效性3	
精细3	
舒适3	
外观3	
精细1	
精细3	
外观3	
保障2	
精细3	
精细3	
外部3	
舒适3	
精细3	
沟通有效性3	
精细3	
精细3	
精细2	
外观3	
服务专业性3	
外观3	
精细1	
外部3	
外观3	
外观3	
补偿合理性1	
精细2	
外部2	
舒适3	
精细3	
保障3	
信息安全性1	
保障3	
舒适3	
保障3	
保障3	
外观3	
沟通有效性3	
服务专业性3	
保障3	
外部3	
外观3	
精细3	
舒适3	
精细3	
舒适2	
保障2	
外部3	
保障2	
保障3	
舒适2	
外观3	
精细3	
外部3	
外部2	
精细2	
保障3	
外观3	
精细3	
外观3	
精细3	
精细1	
保障1	
响应及时性1	
精细2	
精细3	
外部3	
外部3	
服务专业性3	
外观3	
保障3	
舒适2	
精细3	
外部3	
精细2	
保障3	
外观2	
外部3	
精细3	
保障3	
外观3	
沟通有效性3	
服务专业性3	
精细3	
外部3	
外观3	
精细3	
外部3	
外观3	
外部3	
精细3	
外部3	
保障3	
外观3	
保障3	
保障3	
保障3	
保障3	
舒适3	
舒适3	
外部3	
外观3	
外观3	
外部3	
服务专业性2	
服务专业性2	
精细3	
服务专业性3	
外部3	
舒适3	
外部3	
外观3	
精细1	
精细3	
外观3	
外观3	
保障3	
精细3	
外观3	
外观3	
外部3	
舒适2	
舒适2	
舒适2	
舒适2	
保障2	
舒适3	
精细3	
外部3	
精细3	
外部3	
外观3	
外观3	
舒适3	
外部3	
外观3	
外部3	
精细3	
精细3	
精细3	
外部3	
外部3	
舒适3	
精细2	
响应及时性3	
精细3	
保障3	
保障3	
服务专业性3	
精细3	
保障3	
牌证1	
外观1	
外观1	
外观3	
外观3	
精细3	
服务专业性3	
精细3	
外观3	
保障1	
精细3	
服务专业性3	
保障3	
精细3	
舒适3	
精细2	
外观3	
精细3	
外观3	
外观3	
精细1	
外观2	
外观3	
精细3	
外观3	
精细3	
舒适3	
外部3	
外观3	
外观3	
精细1	
舒适3	
服务专业性3	
外部3	
响应及时性3	
精细3	
沟通有效性3	
舒适3	
舒适3	
服务专业性2	
服务专业性3	
舒适2	
外观3	
外观3	
外观3	
舒适3	
外观3	
保障1	
精细1	
外部1	
牌证1	
外部2	
外观2	
精细2	
精细1	
外部1	
保障2	
服务专业性3	
沟通有效性3	
响应及时性3	
精细3	
服务专业性1	
服务专业性3	
服务专业性3	
服务专业性3	
外部3	
精细3	
服务专业性3	
外观3	
精细3	
外部3	
精细3	
外部3	
响应及时性3	
精细3	
外观2	
保障2	
精细2	
补偿合理性2	
外部2	
外部2	
精细1	
保障3	
精细3	
外观3	
外观3	
外部3	
精细3	
舒适3	
舒适3	
外观3	
精细3	
舒适3	
外观2	
外观2	
外观3	
外部2	
精细3	
外观3	
外观3	
服务专业性3	
精细3	
外部3	
精细2	
舒适3	
保障2	
服务专业性3	
保障3	
外观3	
服务专业性3	
外观3	
精细3	
外部3	
外部3	
外部3	
保障3	
精细3	
外部3	
外观3	
外观3	
外部3	
服务专业性3	
外观3	
外观3	
保障3	
外观3	
外观3	
服务专业性3	
精细3	
外观3	
精细1	
补偿合理性1	
精细3	
外观3	
外观3	
舒适3	
耐久3	
外观3	
外观3	
精细3	
服务专业性3	
保障3	
精细3	
外部3	
精细2	
精细2	
精细3	
外观2	
舒适2	
保障3	
保障3	
外观3	
精细3	
服务专业性3	
精细1	
舒适3	
保障3	
精细3	
精细3	
外部3	
外观3	
服务专业性3	
外观3	
外观3	
精细3	
外部3	
外部3	
服务专业性3	
精细3	
精细3	
外观3	
外部2	
精细3	
精细2	
外部3	
精细3	
保障3	
外观3	
外观3	
外部3	
保障2	
外部2	
保障3	
舒适3	
舒适3	
精细3	
外部3	
外部3	
服务专业性3	
沟通有效性3	
服务专业性3	
外观2	
保障3	
外观3	
外观3	
精细3	
服务专业性3	
服务专业性3	
外部2	
沟通有效性2	
精细3	
外部3	
精细3	
外观3	
舒适3	
精细3	
外观3	
外部2	
外观3	
保障3	
外部3	
外观3	
外观3	
外观3	
外部3	
舒适3	
保障3	
精细3	
沟通有效性3	
服务专业性3	
外部3	
服务专业性1	
精细3	
外部3	
保障1	
外部3	
精细3	
精细3	
舒适3	
舒适3	
外观3	
舒适2	
保障1	
外观3	
外部2	
保障3	
外观3	
外观3	
舒适3	
外观3	
服务专业性3	
精细3	
精细3	
精细2	
服务专业性3	
外部3	
精细3	
精细3	
外部3	
外部2	
外部2	
服务专业性2	
外部2	
精细2	
外观3	
精细3	
服务专业性3	
精细1	
精细1	
精细1	
外观3	
精细2	
精细3	
外观3	
外部1	
服务专业性3	
舒适3	
精细3	
保障1	
外部3	
舒适1	
舒适3	
外部3	
外观3	
外观3	
外观3	
精细3	
外观3	
外观3	
外部1	
服务专业性3	
牌证1	
精细3	
外观3	
舒适3	
外观3	
保障3	
外观3	
精细3	
精细1	
外部3	
外观3	
保障3	
精细3	
舒适3	
舒适3	
外部3	
保障3	
舒适3	
保障1	
舒适3	
舒适3	
精细3	
外部2	
外观3	
保障3	
保障3	
保障3	
精细3	
外部3	
外部2	
舒适3	
服务专业性3	
精细2	
外部2	
外部3	
外观3	
外观3	
保障1	
外观1	
舒适1	
舒适2	
外部3	
保障1	
舒适3	
舒适2	
外观3	
舒适3	
精细3	
精细3	
精细3	
保障3	
外部3	
外观3	
舒适3	
精细3	
精细3	
保障3	
舒适3	
舒适3	
精细3	
精细3	
保障3	
外观2	
精细3	
外部3	
外观3	
外部3	
外部2	
外部3	
舒适3	
外观3	
服务专业性3	
沟通有效性3	
耐久1	
保障2	
外部2	
服务专业性3	
服务专业性3	
精细3	
外观3	
外部3	
外观3	
外观3	
舒适3	
精细3	
精细1	
保障2	
保障2	
舒适2	
保障3	
保障1	
保障3	
外观3	
舒适3	
外部3	
舒适3	
外部3	
外观3	
精细3	
响应及时性3	
精细3	
服务专业性3	
精细3	
外部3	
外部3	
精细3	
服务专业性3	
沟通有效性3	
精细3	
外观3	
精细1	
精细3	
保障3	
精细2	
保障3	
保障3	
外部3	
舒适3	
外部3	
舒适3	
外部2	
外部2	
舒适3	
外观3	
精细3	
保障2	
外观2	
外部2	
保障3	
外观3	
舒适3	
舒适3	
外观3	
外观3	
精细3	
保障3	
保障3	
服务专业性3	
外观3	
外观3	
外观3	
耐久3	
外观3	
舒适3	
精细2	
耐久2	
舒适3	
外观3	
外观3	
舒适2	
外部2	
服务专业性3	
精细3	
舒适3	
外观3	
精细2	
保障3	
舒适3	
保障3	
舒适3	
外观3	
精细3	
精细3	
精细3	
外部3	
外部3	
精细3	
外部2	
外观3	
外观3	
服务专业性3	
沟通有效性3	
外观3	
舒适3	
外观3	
精细3	
外部3	
精细3	
服务专业性1	
服务专业性1	
外部3	
精细3	
外部3	
精细3	
外观3	
舒适3	
外部2	
服务专业性3	
精细3	
服务专业性1	
外观3	
精细3	
外观1	
保障2	
外观2	
舒适2	
精细2	
精细3	
保障3	
外观1	
服务专业性3	
舒适3	
精细3	
外观3	
舒适3	
服务专业性1	
保障3	
外观3	
外观3	
精细1	
精细3	
舒适3	
外部3	
外观3	
精细3	
保障3	
外部1	
外观3	
外观3	
外观3	
舒适3	
外部2	
外观1	
外部2	
响应及时性3	
沟通有效性3	
外部3	
精细3	
保障3	
外观3	
精细3	
精细1	
外观3	
响应及时性3	
保障3	
保障2	
外观3	
舒适1	
响应及时性1	
服务专业性1	
精细3	
精细3	
沟通有效性3	
外部3	
服务专业性3	
沟通有效性3	
外观3	
外部3	
精细2	
服务专业性2	
精细3	
保障1	
信息安全性1	
沟通有效性3	
外观3	
精细3	
外部3	
保障3	
外观3	
保障3	
外部3	
外观3	
外观2	
保障2	
外部3	
外观2	
外部3	
外观3	
保障3	
服务专业性2	
舒适3	
外观3	
服务专业性1	
精细1	
服务专业性1	
服务专业性1	
外观3	
舒适3	
保障3	
保障3	
外观3	
舒适1	
服务专业性3	
保障3	
外部3	
外部3	
外部3	
耐久1	
服务专业性3	
精细3	
精细2	
保障3	
服务专业性3	
精细3	
外部3	
外观2	
服务专业性3	
精细3	
舒适3	
外观3	
耐久1	
精细3	
保障2	
保障2	
保障2	
保障2	
精细3	
外观3	
舒适3	
服务专业性2	
外观3	
精细3	
外观3	
精细1	
外观3	
精细1	
外部1	
精细2	
外部2	
外观3	
外观3	
外部1	
保障1	
外部1	
外观3	
保障3	
保障3	
外观3	
精细1	
外部1	
外观3	
外观3	
精细3	
外观3	
外部3	
精细3	
外观3	
耐久3	
精细2	
保障1	
保障3	
保障3	
精细3	
外观3	
外观3	
精细3	
保障3	
舒适3	
精细2	
精细2	
外部3	
舒适3	
精细3	
保障3	
保障3	
耐久3	
外部3	
外观3	
外观3	
外观3	
外观3	
外观3	
精细3	
外部3	
精细1	
保障3	
服务专业性3	
保障3	
保障2	
外部3	
外部3	
精细3	
精细3	
外部3	
舒适3	
精细3	
精细1	
保障1	
外观3	
舒适2	
耐久3	
外观3	
外观3	
精细2	
服务专业性3	
服务专业性3	
沟通有效性2	
精细3	
保障3	
精细3	
外部3	
外部3	
外部3	
精细3	
外观3	
保障3	
外观3	
外部3	
保障1	
保障3	
保障3	
沟通有效性3	
外部1	
精细3	
舒适3	
外观3	
外观3	
舒适3	
保障3	
外观2	
保障3	
外部2	
牌证1	
保障3	
外观3	
外观3	
精细3	
精细3	
外部2	
舒适2	
外观3	
精细1	
服务专业性1	
外观3	
精细3	
保障3	
外观3	
精细3	
精细3	
舒适3	
舒适3	
保障3	
保障3	
外观3	
外部2	
舒适1	
精细3	
沟通有效性3	
舒适1	
舒适3	
保障3	
保障3	
外观3	
精细3	
服务专业性3	
外部3	
耐久1	
舒适3	
外观3	
外部3	
沟通有效性3	
外部3	
外观2	
外观2	
保障3	
保障2	
保障3	
保障3	
舒适2	
保障1	
耐久1	
舒适2	
保障3	
舒适3	
外观3	
外观3	
沟通有效性3	
保障3	
舒适3	
保障3	
精细2	
耐久1	
保障3	
舒适3	
外观3	
舒适3	
保障3	
外观3	
保障3	
外观3	
保障3	
服务专业性3	
服务专业性3	
外观3	
外观3	
服务专业性3	
精细3	
外观3	
外观3	
外部3	
精细2	
外部2	
外观1	
保障3	
外部3	
外观3	
舒适3	
舒适3	
服务专业性3	
服务专业性3	
精细3	
精细3	
外观3	
精细3	
外观3	
保障3	
舒适2	
舒适2	
舒适2	
舒适2	
外观3	
舒适2	
外部2	
保障3	
外观3	
外观3	
外观3	
响应及时性3	
服务专业性3	
舒适3	
舒适3	
外观3	
精细3	
舒适3	
外部3	
外观3	
保障3	
舒适2	
外观3	
外观3	
外观3	
精细3	
保障3	
补偿合理性3	
外部3	
保障3	
精细2	
保障3	
保障3	
精细3	
外观2	
外部3	
外观2	
舒适3	
精细3	
外观3	
外观3	
精细3	
精细2	
外观2	
舒适3	
保障3	
保障3	
保障3	
精细3	
精细3	
耐久3	
服务专业性2	
外观3	
保障3	
沟通有效性3	
沟通有效性3	
精细3	
精细3	
精细3	
精细3	
外观3	
外观3	
舒适3	
精细1	
外部3	
精细3	
沟通有效性1	
精细3	
精细3	
舒适3	
保障2	
外部3	
外部3	
外部3	
外观3	
外观3	
外观3	
保障3	
舒适3	
保障3	
外部3	
服务专业性3	
服务专业性3	
外部1	
外部3	
精细2	
精细2	
精细1	
精细3	
外观3	
精细3	
外观3	
沟通有效性3	
舒适3	
舒适1	
外部2	
外部2	
精细3	
保障3	
外观3	
精细3	
舒适3	
外观3	
舒适3	
外部3	
外部3	
耐久1	
精细3	
舒适3	
响应及时性3	
精细3	
精细3	
外观3	
服务专业性2	
外观3	
外观3	
精细3	
保障3	
外观3	
外部3	
外观3	
精细3	
外观3	
精细3	
外观3	
服务专业性1	
舒适3	
保障3	
外观3	
外观3	
舒适3	
外部1	
牌证1	
外观3	
舒适3	
外部2	
精细1	
外观2	
精细2	
舒适3	
服务专业性3	
保障3	
精细3	
舒适2	
外观3	
保障3	
外观3	
精细3	
服务专业性3	
服务专业性1	
沟通有效性1	
响应及时性1	
外观3	
外观3	
外观3	
保障3	
精细3	
舒适3	
外部3	
外部3	
服务专业性3	
精细3	
保障3	
服务专业性3	
外观3	
精细3	
保障3	
外部3	
外部2	
外观3	
保障3	
外部1	
服务专业性2	
外部3	
保障3	
保障3	
外观3	
外观3	
外观3	
外观3	
沟通有效性3	
服务专业性3	
外部3	
保障2	
耐久3	
外观2	
服务专业性1	
外部3	
精细3	
外观3	
保障3	
外观3	
外观3	
服务专业性1	
精细2	
精细2	
精细3	
精细3	
舒适3	
精细3	
保障3	
舒适3	
外部3	
外观3	
外观3	
外部3	
服务专业性3	
保障3	
外观3	
保障2	
精细1	
服务专业性3	
精细3	
舒适3	
服务专业性3	
舒适3	
舒适3	
精细3	
舒适3	
精细3	
外观3	
保障3	
外观3	
外观3	
精细3	
保障3	
外观3	
保障3	
外观3	
外部3	
保障2	
沟通有效性3	
外部3	
外部3	
保障3	
舒适3	
舒适3	
精细3	
响应及时性3	
服务专业性3	
外部3	
外部3	
外观3	
外部3	
服务专业性3	
舒适3	
服务专业性3	
保障2	
保障3	
外观2	
服务专业性3	
外观3	
保障3	
外观3	
保障3	
外观3	
舒适3	
精细2	
外观2	
外部2	
外部2	
精细3	
外观3	
外观3	
舒适3	
服务专业性3	
外部3	
外观3	
外部3	
外部3	
服务专业性1	
精细3	
保障3	
外观3	
外部3	
外观3	
舒适3	
舒适3	
舒适3	
沟通有效性3	
外观3	
外观3	
舒适3	
外观3	
外观3	
精细3	
外观3	
外部3	
精细1	
保障3	
外部2	
外观3	
精细3	
外观3	
外部3	
精细3	
精细3	
舒适3	
精细3	
服务专业性3	
外观3	
舒适3	
保障3	
外部3	
外观3	
外部2	
保障3	
舒适3	
精细3	
服务专业性2	
保障3	
精细3	
精细3	
精细3	
外观3	
外部3	
外部3	
外部3	
保障3	
舒适2	
外观3	
外观3	
舒适3	
服务专业性3	
响应及时性3	
服务专业性3	
精细3	
保障3	
保障3	
外观1	
舒适3	
外部3	
外部3	
服务专业性3	
舒适3	
外部3	
舒适1	
外观3	
保障3	
保障3	
舒适2	
外观3	
舒适3	
保障3	
精细3	
精细1	
服务专业性3	
外部3	
舒适3	
外观3	
耐久3	
保障3	
精细3	
外部3	
保障3	
保障3	
外部2	
保障3	
舒适3	
响应及时性3	
外观3	
舒适3	
保障3	
精细2	
外观3	
外部3	
外部3	
外部3	
服务专业性3	
保障3	
舒适3	
外观2	
服务专业性2	
精细2	
补偿合理性1	
舒适2	
舒适2	
舒适2	
耐久2	
服务专业性2	
精细3	
保障3	
精细1	
保障3	
舒适3	
精细3	
外观3	
舒适3	
保障3	
外部3	
舒适3	
外观3	
外观3	
保障3	
保障3	
精细3	
舒适3	
沟通有效性3	
精细3	
保障3	
舒适3	
外部3	
外部3	
外观3	
外观3	
保障3	
外部3	
精细2	
响应及时性3	
外观3	
沟通有效性3	
精细3	
外观3	
保障3	
服务专业性3	
服务专业性3	
保障3	
精细3	
精细3	
外观3	
精细3	
外观3	
外部3	
服务专业性3	
精细2	
响应及时性3	
外部3	
外观1	
精细1	
舒适2	
服务专业性1	
精细3	
外部3	
外部3	
外部3	
外部3	
外部3	
精细3	
沟通有效性3	
外部3	
服务专业性3	
服务专业性3	
精细3	
外部3	
外部3	
舒适3	
精细3	
外部3	
外观3	
耐久3	
保障3	
舒适2	
外部2	
外观3	
沟通有效性3	
保障3	
外部3	
精细1	
保障3	
舒适3	
服务专业性3	
精细1	
舒适3	
外部3	
精细3	
外观3	
精细3	
精细3	
服务专业性3	
服务专业性3	
舒适3	
外部3	
外观3	
外部3	
外观3	
外观3	
精细3	
精细3	
舒适1	
外部3	
外观3	
外观2	
外部3	
外观3	
外部3	
保障3	
保障3	
保障3	
舒适3	
保障3	
精细3	
保障3	
保障3	
舒适3	
舒适3	
外观3	
服务专业性3	
保障3	
保障3	
外观3	
外观3	
外部3	
外观2	
精细2	
外观3	
精细3	
精细1	
外观3	
精细3	
精细1	
精细1	
补偿合理性3	
外部1	
补偿合理性3	
外部3	
服务专业性3	
响应及时性3	
沟通有效性2	
沟通有效性2	
外部2	
响应及时性3	
服务专业性2	
沟通有效性3	
保障3	
外观3	
服务专业性3	
精细3	
服务专业性3	
服务专业性3	
外部3	
外部3	
精细3	
外观3	
外部3	
外观3	
舒适3	
精细3	
精细3	
外部3	
外观3	
响应及时性3	
响应及时性3	
精细1	
外观2	
沟通有效性1	
补偿合理性1	
保障3	
舒适3	
精细3	
保障3	
精细3	
保障3	
保障3	
保障3	
精细2	
外部3	
沟通有效性3	
外观3	
外部3	
舒适3	
外观3	
外观3	
外部1	
外部1	
舒适3	
保障3	
精细3	
舒适3	
服务专业性3	
外观3	
精细3	
舒适3	
服务专业性3	
舒适3	
保障3	
服务专业性2	
外部2	
保障2	
外部2	
外部2	
保障2	
服务专业性3	
舒适1	
舒适3	
精细3	
外部2	
保障3	
舒适3	
精细3	
保障3	
精细3	
保障3	
精细2	
精细2	
外部3	
精细3	
舒适3	
沟通有效性1	
精细3	
外观3	
精细3	
外部3	
外观3	
外部1	
精细3	
保障3	
舒适3	
保障2	
外观1	
外部3	
精细3	
外观3	
舒适3	
外观3	
精细3	
精细2	
外观3	
精细1	
精细1	
外观3	
精细3	
外观2	
舒适3	
保障3	
保障3	
外部3	
精细3	
外部3	
保障3	
外观3	
外观3	
精细3	
外观3	
外部3	
精细3	
精细3	
精细3	
外部3	
外部3	
服务专业性3	
沟通有效性3	
服务专业性3	
精细3	
外部3	
沟通有效性3	
服务专业性3	
外观3	
外观1	
外部3	
保障3	
外观3	
服务专业性3	
保障3	
精细3	
响应及时性3	
响应及时性3	
舒适2	
外部3	
外部3	
精细3	
沟通有效性3	
外部2	
精细1	
舒适3	
保障3	
保障3	
外观3	
保障3	
外观3	
保障3	
舒适3	
外部2	
精细3	
外观3	
舒适3	
保障2	
精细3	
保障3	
舒适2	
外观3	
外观3	
精细3	
服务专业性3	
保障3	
外观1	
舒适3	
外部3	
服务专业性3	
外部3	
精细1	
耐久1	
保障1	
耐久1	
补偿合理性1	
外部1	
耐久1	
耐久1	
外观3	
舒适3	
外观3	
保障3	
精细3	
外观3	
保障3	
外观2	
精细3	
保障3	
外观3	
耐久3	
耐久1	
保障3	
保障2	
舒适3	
外观3	
外部3	
精细3	
外观3	
外观3	
服务专业性1	
响应及时性3	
服务专业性3	
沟通有效性3	
服务专业性3	
服务专业性3	
服务专业性3	
精细3	
精细3	
精细3	
保障3	
服务专业性3	
精细2	
外观3	
舒适3	
服务专业性3	
服务专业性3	
保障3	
舒适3	
舒适1	
信息安全性1	
服务专业性1	
信息安全性1	
外观3	
舒适3	
外观3	
精细3	
精细3	
舒适3	
外部2	
服务专业性3	
外观3	
服务专业性3	
精细3	
外部3	
精细3	
精细3	
外观3	
外观3	
服务专业性3	
服务专业性3	
外部3	
外部3	
精细2	
服务专业性3	
响应及时性3	
外部3	
外部3	
外部3	
精细2	
服务专业性3	
外部3	
外部3	
精细2	
服务专业性3	
外部3	
外部3	
精细2	
服务专业性3	
外部3	
外部3	
精细2	
服务专业性3	
外部3	
保障3	
舒适3	
精细3	
服务专业性3	
精细3	
外观3	
外观3	
精细3	
外部3	
外部2	
沟通有效性3	
外部3	
外部2	
精细2	
舒适3	
精细3	
保障3	
保障3	
保障3	
外部3	
外部3	
精细3	
外观3	
外部3	
保障3	
服务专业性3	
精细3	
外部3	
外观3	
外观3	
保障3	
舒适3	
精细3	
保障3	
服务专业性1	
保障3	
舒适3	
舒适3	
外部3	
外观3	
外观3	
服务专业性3	
外部3	
精细3	
外观3	
外观1	
外观3	
精细3	
保障3	
外部3	
舒适3	
外观3	
精细3	
外观3	
服务专业性3	
舒适3	
保障3	
外观3	
精细3	
外观3	
外观3	
外观3	
外观3	
外观3	
外部3	
精细3	
精细3	
舒适3	
外部2	
服务专业性2	
保障3	
舒适3	
舒适3	
外观3	
外观2	
舒适3	
舒适3	
外观3	
外观3	
精细2	
外部1	
外观3	
保障3	
外观3	
外观3	
精细3	
舒适1	
外观1	
外部3	
服务专业性3	
精细3	
服务专业性3	
外部3	
精细3	
保障3	
舒适2	
外观3	
精细1	
精细3	
服务专业性1	
外部3	
外部2	
外观3	
舒适3	
精细3	
精细3	
外观3	
精细3	
精细3	
外部3	
外观3	
舒适3	
精细3	
外部2	
外观3	
舒适3	
舒适3	
外观3	
沟通有效性3	
沟通有效性3	
外部3	
外部3	
外观3	
外部3	
外部3	
舒适3	
外观3	
精细1	
外部3	
精细1	
服务专业性1	
外部1	
精细3	
外部3	
精细3	
精细3	
外观3	
外观3	
外观3	
舒适3	
外观3	
保障3	
沟通有效性3	
精细3	
外观3	
外观3	
保障3	
服务专业性3	
沟通有效性3	
外观3	
外观3	
舒适2	
舒适2	
舒适2	
外部3	
舒适3	
保障3	
外观3	
保障3	
保障3	
保障3	
舒适3	
外部3	
外观3	
精细2	
舒适2	
舒适2	
舒适3	
舒适3	
服务专业性3	
保障3	
保障3	
精细3	
外部2	
牌证1	
服务专业性1	
精细3	
外部3	
外观3	
保障3	
舒适3	
舒适3	
服务专业性3	
外观3	
保障3	
舒适2	
外观3	
精细2	
精细3	
舒适3	
精细3	
精细2	
精细2	
外观3	
精细3	
外观3	
保障3	
外观3	
外观3	
保障3	
精细2	
外部1	
精细3	
保障2	
精细3	
精细3	
精细3	
外部3	
精细3	
保障3	
外观3	
外观3	
舒适3	
保障3	
精细3	
舒适3	
舒适3	
精细3	
精细3	
舒适2	
精细3	
精细3	
精细3	
舒适3	
外部1	
外观3	
舒适3	
外观3	
精细2	
外观1	
精细2	
外观1	
外部2	
精细3	
外部3	
保障3	
外观3	
外部2	
服务专业性2	
精细3	
外观3	
保障3	
外部3	
精细2	
精细3	
舒适3	
外观2	
保障3	
外部3	
精细3	
保障3	
外观3	
精细3	
外部2	
舒适2	
舒适2	
舒适2	
外部2	
外观3	
外观3	
外观3	
精细3	
保障3	
精细3	
保障3	
精细3	
外观3	
保障3	
保障3	
保障3	
外观3	
保障3	
精细3	
外观3	
外观3	
保障2	
保障3	
耐久3	
精细3	
外观3	
舒适3	
服务专业性3	
保障3	
舒适3	
舒适3	
保障3	
服务专业性3	
精细3	
保障3	
外部3	
外观3	
精细3	
外部3	
服务专业性3	
耐久1	
保障1	
外部2	
精细3	
外观3	
精细3	
外观3	
精细3	
服务专业性3	
精细3	
服务专业性3	
外部3	
外部3	
精细3	
保障3	
外观3	
精细3	
舒适2	
外部3	
精细3	
外部3	
精细3	
精细3	
外观2	
舒适3	
舒适3	
舒适3	
外观3	
精细3	
保障3	
精细3	
外观3	
外观3	
外观3	
精细3	
精细3	
外观3	
保障3	
外观1	
服务专业性1	
外观3	
外部3	
外观3	
外部2	
外部1	
精细3	
外部3	
外观3	
服务专业性3	
外观3	
外观3	
保障3	
精细3	
舒适3	
精细3	
外部3	
外观3	
外部3	
外部1	
舒适3	
精细2	
沟通有效性3	
外观3	
保障3	
外观3	
外观3	
外部2	
保障3	
舒适2	
舒适2	
外观3	
服务专业性3	
外部3	
服务专业性3	
服务专业性3	
沟通有效性3	
保障3	
精细3	
外观3	
响应及时性3	
沟通有效性3	
外观3	
保障3	
精细3	
外观2	
舒适2	
外观3	
外观3	
服务专业性3	
外部2	
精细3	
外部3	
外部3	
外观2	
舒适3	
舒适3	
保障3	
外观3	
响应及时性1	
补偿合理性1	
外观3	
精细3	
外观3	
服务专业性3	
精细3	
精细2	
精细1	
舒适3	
舒适3	
保障3	
保障3	
外观3	
外观3	
服务专业性3	
服务专业性3	
舒适3	
精细1	
精细1	
精细1	
保障3	
外观2	
服务专业性3	
保障3	
保障3	
外部3	
精细3	
沟通有效性3	
精细3	
保障1	
精细1	
外观3	
服务专业性1	
服务专业性3	
服务专业性3	
沟通有效性3	
保障3	
外观3	
保障2	
舒适3	
保障2	
精细2	
外观3	
外观3	
舒适1	
精细3	
舒适2	
外部3	
外观2	
服务专业性3	
保障3	
保障3	
舒适3	
外观2	
保障1	
保障2	
外观3	
精细3	
精细3	
外部3	
外部3	
舒适2	
外观2	
外观3	
精细3	
外部3	
外部3	
服务专业性2	
保障3	
舒适3	
保障3	
精细1	
耐久1	
外观3	
外观3	
精细3	
精细3	
精细1	
舒适2	
精细1	
精细3	
外观3	
外部1	
服务专业性3	
服务专业性3	
外观3	
精细3	
精细3	
精细1	
服务专业性2	
服务专业性2	
外部2	
服务专业性3	
服务专业性3	
沟通有效性3	
服务专业性3	
外部1	
外观3	
外部2	
精细1	
外部3	
外部3	
外观3	
外观3	
保障3	
外观3	
舒适1	
舒适1	
外部3	
舒适3	
舒适2	
精细2	
精细3	
精细2	
外部2	
外观3	
外观3	
外观3	
精细3	
服务专业性3	
外观3	
舒适3	
精细3	
舒适1	
保障3	
外部3	
外部3	
外部3	
沟通有效性3	
沟通有效性3	
精细3	
外观3	
补偿合理性1	
外观3	
外部3	
精细3	
保障1	
精细3	
保障3	
外部3	
精细3	
精细3	
耐久3	
外观3	
精细3	
舒适2	
精细1	
精细2	
保障2	
外部1	
精细3	
保障1	
精细1	
外部3	
外观1	
舒适3	
舒适3	
外观3	
精细3	
外观3	
外观3	
保障3	
舒适3	
外部3	
服务专业性3	
服务专业性3	
精细3	
外部1	
保障3	
舒适3	
外部3	
舒适3	
外部3	
外观3	
舒适3	
舒适1	
保障3	
保障3	
外部3	
外观3	
外部3	
外部3	
服务专业性3	
外部3	
服务专业性3	
服务专业性3	
外观3	
外观3	
外观3	
精细3	
外观3	
精细3	
外观3	
外观3	
外观3	
精细3	
服务专业性3	
服务专业性3	
沟通有效性3	
保障1	
保障3	
外观3	
服务专业性3	
服务专业性3	
保障3	
舒适3	
外观3	
外观3	
精细1	
精细1	
保障1	
外观3	
服务专业性3	
精细2	
外观3	
舒适3	
服务专业性1	
补偿合理性1	
外观3	
舒适3	
外观3	
精细3	
外部3	
外观3	
牌证1	
舒适3	
外观3	
外观3	
外观3	
外观3	
舒适3	
精细3	
舒适2	
服务专业性3	
精细1	
保障1	
外部3	
外部3	
外观2	
外部3	
精细3	
舒适3	
服务专业性3	
精细3	
保障3	
精细3	
服务专业性3	
外观2	
精细2	
耐久1	
精细3	
服务专业性3	
精细3	
外部3	
外部3	
服务专业性3	
服务专业性3	
外部3	
沟通有效性3	
精细3	
服务专业性3	
精细1	
外部1	
耐久2	
舒适3	
舒适3	
舒适1	
外观1	
外观2	
精细3	
舒适3	
保障3	
精细3	
精细2	
外观3	
外观3	
精细3	
外观3	
外观3	
外观3	
精细1	
精细1	
精细3	
保障3	
保障3	
外部3	
外部3	
保障3	
精细3	
外观3	
舒适3	
精细3	
保障3	
保障3	
保障3	
精细3	
精细3	
外观3	
舒适3	
外部2	
服务专业性2	
舒适2	
保障3	
精细3	
外观3	
外观3	
精细3	
舒适3	
外观3	
精细3	
外部1	
外部3	
保障3	
精细1	
舒适3	
保障3	
服务专业性3	
外观3	
外观2	
精细2	
外观3	
精细3	
外部3	
外观3	
响应及时性3	
沟通有效性3	
保障3	
服务专业性3	
保障3	
外观3	
沟通有效性3	
响应及时性3	
精细3	
服务专业性3	
舒适3	
精细3	
外部1	
舒适3	
外部3	
精细3	
精细3	
精细3	
外观3	
沟通有效性3	
精细2	
精细2	
外观1	
舒适3	
舒适3	
保障2	
保障2	
外观3	
精细3	
保障3	
保障3	
舒适3	
外观3	
保障3	
精细3	
沟通有效性3	
沟通有效性3	
精细3	
沟通有效性3	
舒适2	
精细3	
精细3	
精细3	
外部3	
舒适3	
外部3	
精细3	
外观3	
外观3	
精细3	
外观3	
舒适2	
外观3	
外部3	
外部3	
保障2	
外观3	
外观3	
服务专业性1	
精细1	
沟通有效性1	
耐久1	
外部1	
保障3	
舒适3	
外观3	
舒适3	
精细2	
外观3	
精细3	
舒适3	
服务专业性3	
沟通有效性3	
外部3	
外部3	
舒适2	
外观2	
响应及时性1	
信息安全性1	
外部3	
外部3	
精细3	
舒适3	
外部3	
保障3	
外观3	
精细3	
舒适2	
外部3	
外部3	
精细3	
外观3	
保障3	
外观3	
精细2	
舒适2	
精细3	
保障3	
外部3	
外部3	
服务专业性3	
外部3	
外部3	
外部3	
舒适3	
服务专业性3	
保障3	
舒适2	
舒适3	
舒适3	
外部2	
舒适3	
信息安全性1	
外观3	
外观3	
保障3	
外部3	
保障3	
保障3	
舒适2	
外观2	
外观3	
舒适3	
保障3	
服务专业性3	
外部3	
精细3	
精细2	
精细2	
外观1	
外部3	
外部3	
外观1	
外部3	
舒适3	
服务专业性3	
外观3	
外观3	
舒适3	
舒适1	
精细3	
外观3	
外观3	
舒适3	
外观3	
外观1	
精细1	
服务专业性2	
外部3	
外观3	
精细3	
舒适3	
舒适2	
保障2	
精细3	
保障3	
保障1	
精细3	
服务专业性3	
精细3	
沟通有效性3	
外观3	
外部3	
保障3	
外观3	
舒适3	
外观3	
外观2	
外观2	
精细3	
服务专业性2	
服务专业性1	
精细3	
外观3	
保障2	
耐久3	
耐久3	
外观3	
服务专业性3	
舒适3	
精细3	
外观3	
保障3	
外部2	
保障3	
舒适3	
外观3	
精细3	
精细3	
外部3	
外部3	
舒适3	
外观3	
外部3	
精细3	
舒适3	
精细3	
外部3	
外观3	
外部3	
外部3	
外部3	
外观3	
精细3	
外观3	
保障3	
外观3	
沟通有效性3	
舒适1	
外观3	
保障3	
外观1	
外观1	
信息安全性1	
舒适2	
外部3	
精细3	
服务专业性3	
服务专业性3	
外观3	
外观3	
服务专业性2	
保障3	
舒适3	
服务专业性3	
服务专业性3	
保障3	
保障3	
外部3	
服务专业性3	
外观1	
外观3	
外部3	
外部3	
精细3	
保障3	
外部2	
服务专业性3	
保障3	
保障3	
舒适2	
外观2	
外部3	
外部3	
外部3	
舒适3	
精细1	
外观3	
保障2	
外观3	
精细3	
外观3	
舒适3	
精细3	
外部3	
沟通有效性3	
外部3	
保障3	
外部3	
保障3	
沟通有效性3	
服务专业性1	
外部3	
保障1	
外部3	
保障3	
舒适3	
精细3	
舒适3	
保障3	
精细3	
精细3	
舒适3	
保障3	
精细3	
沟通有效性3	
精细3	
外观3	
耐久3	
精细3	
保障3	
舒适3	
舒适3	
精细2	
外观3	
精细2	
外观1	
外部2	
精细3	
外观3	
保障3	
服务专业性3	
舒适3	
外观2	
沟通有效性2	
精细3	
外观3	
精细3	
精细3	
外观3	
外观3	
舒适3	
牌证1	
外部3	
外部1	
沟通有效性3	
精细1	
外观3	
保障3	
保障3	
外部3	
外观3	
服务专业性3	
服务专业性3	
沟通有效性3	
外部3	
服务专业性3	
外观2	
精细3	
外观3	
精细3	
保障3	
保障3	
精细3	
保障1	
保障3	
精细3	
保障3	
舒适3	
舒适2	
保障3	
外部3	
舒适3	
精细3	
耐久1	
精细3	
精细2	
精细2	
精细3	
服务专业性1	
外部2	
耐久1	
服务专业性3	
舒适3	
保障3	
舒适3	
外观3	
舒适3	
舒适1	
外观3	
外观3	
外观3	
精细3	
精细3	
精细2	
精细2	
外部2	
外部2	
精细3	
外观2	
外观3	
外观3	
沟通有效性2	
外部3	
外观3	
保障3	
精细3	
保障3	
精细3	
保障3	
舒适2	
外观2	
外观2	
外观3	
保障3	
沟通有效性3	
精细3	
外部3	
服务专业性3	
精细3	
外观3	
牌证2	
外观2	
外观3	
精细3	
外部3	
沟通有效性3	
精细3	
保障3	
精细3	
舒适3	
沟通有效性3	
舒适2	
舒适2	
保障3	
外部3	
外部3	
外部3	
保障2	
精细3	
外观3	
精细3	
耐久3	
精细3	
外部3	
外部3	
外部3	
精细3	
外部3	
舒适3	
外观3	
保障1	
保障2	
保障3	
外观3	
外观3	
服务专业性3	
服务专业性3	
保障3	
保障3	
保障3	
舒适3	
外部3	
保障3	
保障3	
外观3	
保障3	
舒适3	
精细3	
响应及时性3	
服务专业性3	
保障1	
舒适3	
舒适2	
舒适2	
沟通有效性3	
沟通有效性3	
服务专业性2	
精细3	
外部3	
外观3	
精细2	
外观3	
外观3	
外部3	
外观3	
精细3	
外观3	
舒适3	
外观3	
外观3	
外观1	
保障3	
精细1	
精细1	
外部1	
外部2	
精细2	
外观3	
外观3	
舒适3	
外观3	
沟通有效性2	
保障3	
舒适3	
外部3	
沟通有效性3	
外部3	
外部3	
外观3	
外部3	
保障3	
外观3	
外观3	
精细3	
服务专业性3	
保障3	
精细1	
精细1	
沟通有效性2	
耐久1	
精细3	
精细3	
精细3	
保障3	
保障3	
耐久1	
舒适3	
保障3	
舒适3	
外观3	
精细1	
耐久1	
保障3	
保障3	
保障3	
外部3	
外部3	
精细3	
保障3	
外部3	
外观3	
服务专业性3	
外部3	
舒适3	
外观3	
外观3	
精细2	
外部2	
外观3	
精细3	
精细3	
外部3	
舒适2	
保障3	
保障3	
保障3	
服务专业性1	
响应及时性1	
精细1	
外观3	
精细3	
外观3	
精细1	
补偿合理性1	
补偿合理性1	
精细1	
精细3	
外部3	
外部3	
保障3	
外观3	
精细3	
外观3	
服务专业性3	
外部3	
外部3	
外部3	
服务专业性3	
外观3	
保障2	
外观1	
精细2	
服务专业性3	
响应及时性3	
服务专业性3	
沟通有效性3	
外观3	
耐久1	
外观3	
精细3	
保障3	
舒适2	
外观3	
精细3	
舒适2	
保障3	
舒适3	
保障3	
外部3	
外部3	
精细3	
服务专业性2	
服务专业性3	
外观3	
外观3	
外观3	
保障3	
外观3	
外观3	
保障3	
保障3	
外部3	
外部3	
精细3	
补偿合理性1	
精细3	
外部2	
外观3	
保障3	
外观3	
舒适2	
外观3	
外部3	
精细3	
沟通有效性3	
服务专业性3	
外观2	
舒适3	
外观3	
外部1	
精细3	
保障3	
保障3	
舒适3	
服务专业性3	
服务专业性1	
外观2	
舒适3	
保障3	
舒适3	
精细3	
外观3	
保障1	
精细3	
外部3	
外观3	
舒适3	
舒适2	
服务专业性1	
精细3	
外观3	
外部1	
舒适3	
保障3	
外部2	
精细3	
舒适2	
外部1	
外部3	
舒适3	
服务专业性3	
服务专业性3	
外部3	
服务专业性3	
外部1	
保障3	
保障3	
精细3	
耐久3	
保障2	
外观2	
保障3	
服务专业性3	
外部3	
舒适3	
外观3	
外部3	
精细3	
服务专业性1	
精细1	
精细1	
精细3	
保障3	
舒适3	
耐久1	
保障3	
舒适2	
保障3	
保障3	
外观3	
外观3	
保障3	
外观3	
外观3	
外观3	
保障3	
外观3	
响应及时性1	
服务专业性3	
沟通有效性3	
外部3	
外部3	
保障3	
外观3	
外观3	
保障3	
保障3	
精细3	
外观3	
外观3	
外观3	
外观3	
保障3	
外部2	
外观3	
精细3	
精细1	
耐久1	
舒适3	
精细2	
外观3	
耐久1	
外部1	
外观1	
精细3	
外观3	
保障3	
服务专业性3	
精细1	
外观1	
耐久3	
外观3	
外观3	
服务专业性3	
服务专业性3	
保障3	
精细3	
外观3	
外观3	
外部3	
保障3	
响应及时性1	
精细1	
外观3	
外部3	
服务专业性3	
精细2	
外部2	
外部2	
舒适2	
外部2	
外观2	
精细2	
保障3	
外观3	
外观3	
保障3	
外观3	
保障2	
外部2	
外观3	
外部3	
保障3	
精细3	
精细3	
保障3	
保障3	
精细3	
外观3	
外观3	
精细3	
耐久1	
耐久1	
精细1	
外观3	
精细3	
保障3	
外观3	
精细2	
响应及时性3	
舒适3	
舒适3	
外部3	
保障3	
外部3	
舒适3	
保障3	
舒适3	
外观3	
服务专业性2	
精细3	
保障3	
外观2	
外观3	
舒适3	
服务专业性2	
舒适3	
精细3	
保障3	
精细3	
外观3	
外观3	
外观3	
舒适1	
外部2	
精细1	
外观2	
沟通有效性3	
精细3	
舒适3	
外部3	
保障3	
外观3	
舒适3	
精细2	
精细3	
响应及时性3	
服务专业性3	
服务专业性3	
外部3	
舒适3	
外部1	
外观2	
外部1	
外观2	
保障2	
精细3	
保障3	
外观3	
保障1	
外部2	
外观3	
服务专业性3	
外观3	
精细3	
外观3	
精细3	
外部2	
补偿合理性1	
外观3	
外观3	
外观3	
保障3	
舒适3	
精细3	
保障3	
外观3	
外观3	
外观3	
保障3	
保障3	
保障3	
舒适3	
舒适3	
舒适3	
精细3	
外部3	
外部3	
外部3	
外观3	
外观3	
舒适2	
舒适3	
外观3	
精细3	
舒适3	
外部3	
精细3	
保障3	
精细3	
外观3	
精细3	
沟通有效性3	
外部2	
外部3	
外观3	
外观2	
外观3	
外部3	
外部3	
外观3	
外部3	
外观3	
精细3	
外部3	
舒适2	
外观3	
外部2	
保障3	
精细3	
外观3	
外观3	
外观3	
舒适3	
精细3	
外部2	
舒适2	
外观3	
外观3	
外部3	
舒适2	
外观3	
舒适2	
外部3	
服务专业性3	
外观2	
精细3	
外观3	
舒适3	
舒适3	
舒适3	
外观3	
外观3	
舒适3	
外部3	
外部3	
舒适3	
服务专业性3	
保障3	
保障3	
保障3	
外观3	
服务专业性3	
响应及时性3	
精细3	
精细1	
保障3	
外观2	
服务专业性3	
外观2	
外观3	
服务专业性1	
外观1	
舒适3	
精细1	
精细1	
舒适2	
精细1	
舒适2	
服务专业性3	
精细1	
外部3	
服务专业性2	
保障2	
精细3	
保障3	
保障3	
保障3	
舒适3	
外部3	
沟通有效性3	
外部3	
外部3	
精细3	
外部3	
精细3	
服务专业性3	
服务专业性3	
沟通有效性3	
外观3	
外观3	
保障3	
服务专业性3	
服务专业性3	
外观3	
外部3	
外部3	
服务专业性3	
精细3	
外观3	
舒适3	
精细3	
外观2	
精细2	
舒适2	
精细3	
外观3	
精细2	
外部3	
响应及时性3	
外部3	
外部3	
外部3	
服务专业性3	
精细3	
沟通有效性3	
响应及时性3	
外部3	
外观3	
精细3	
响应及时性3	
沟通有效性3	
外部3	
外部3	
外部3	
精细3	
外部3	
外观2	
服务专业性3	
保障3	
舒适3	
耐久1	
精细3	
外观3	
外观3	
耐久3	
服务专业性3	
精细3	
外部3	
保障3	
舒适3	
外观3	
精细3	
外观3	
外观2	
服务专业性3	
精细3	
服务专业性3	
精细3	
外观3	
精细2	
外观1	
精细1	
服务专业性3	
保障3	
服务专业性3	
服务专业性3	
外观3	
保障3	
外部3	
舒适3	
外部3	
舒适3	
外部3	
外观1	
外部2	
外部3	
精细3	
保障3	
精细3	
外观2	
舒适3	
外观3	
精细3	
外观3	
精细3	
外观2	
精细1	
外部1	
精细1	
外部1	
外部1	
保障1	
保障3	
精细1	
外部3	
外部3	
舒适2	
精细2	
精细2	
舒适2	
沟通有效性3	
沟通有效性3	
精细3	
舒适3	
沟通有效性3	
外观2	
外观3	
外观3	
外观3	
保障3	
服务专业性1	
舒适3	
外观3	
精细3	
沟通有效性3	
外观3	
外观3	
外部3	
服务专业性2	
精细3	
沟通有效性2	
外观3	
保障3	
保障3	
舒适3	
外观3	
舒适2	
舒适3	
外观3	
精细3	
服务专业性3	
精细2	
舒适2	
舒适2	
舒适3	
精细2	
服务专业性2	
外观3	
舒适3	
外观3	
外观3	
外观3	
外观3	
保障3	
外部3	
服务专业性3	
服务专业性3	
外部3	
精细3	
服务专业性3	
舒适3	
精细3	
精细3	
外观3	
外部3	
精细3	
外部3	
服务专业性1	
外部2	
服务专业性3	
外观3	
外观3	
沟通有效性1	
外观3	
保障3	
保障3	
舒适3	
沟通有效性3	
外观3	
外观3	
精细3	
外观3	
外观2	
精细3	
外部2	
沟通有效性3	
舒适3	
外观3	
舒适3	
舒适3	
外观3	
外观3	
服务专业性3	
外观3	
保障3	
舒适3	
服务专业性3	
外部3	
响应及时性3	
外观2	
精细3	
外观3	
外部3	
舒适3	
保障3	
耐久3	
精细3	
精细3	
精细3	
外部1	
精细3	
外部3	
保障3	
外部3	
服务专业性3	
保障3	
精细1	
外观3	
外观3	
保障3	
舒适3	
服务专业性3	
外部2	
沟通有效性3	
外观3	
耐久1	
保障3	
外部3	
外部3	
舒适2	
外观3	
外观3	
舒适2	
保障3	
保障3	
外观3	
舒适3	
舒适3	
外部3	
保障3	
服务专业性1	
精细1	
牌证1	
保障3	
保障1	
舒适3	
服务专业性3	
响应及时性3	
服务专业性3	
外观3	
外观3	
外观3	
外观3	
保障3	
外观3	
外观3	
服务专业性3	
精细3	
保障3	
保障1	
外观3	
外观3	
精细3	
精细3	
响应及时性3	
舒适2	
外观3	
精细2	
外部2	
耐久1	
外部1	
外部3	
舒适2	
保障3	
精细3	
舒适3	
精细3	
外观3	
精细3	
外部3	
舒适3	
舒适3	
舒适3	
保障3	
保障3	
舒适3	
保障3	
外观3	
精细3	
外观3	
舒适2	
舒适2	
外观3	
外部1	
精细3	
舒适3	
舒适3	
精细3	
外观3	
保障3	
舒适3	
舒适3	
舒适1	
保障1	
外观3	
精细3	
服务专业性3	
外观3	
精细3	
外观3	
舒适3	
外观3	
外观3	
精细2	
沟通有效性1	
舒适2	
精细3	
外观3	
服务专业性3	
精细3	
外观3	
舒适3	
外部3	
保障3	
保障3	
舒适3	
保障3	
耐久3	
服务专业性3	
外部1	
精细2	
保障2	
精细2	
保障2	
精细2	
精细2	
舒适3	
外观3	
外观3	
保障3	
外部3	
外部3	
精细3	
保障3	
外部3	
舒适2	
外观2	
服务专业性1	
服务专业性1	
外部1	
外部2	
外部2	
外部3	
精细3	
外观3	
外观3	
舒适3	
外观3	
精细3	
精细3	
精细3	
外观3	
保障3	
外观3	
沟通有效性3	
沟通有效性3	
外部1	
沟通有效性1	
服务专业性1	
舒适2	
舒适3	
精细3	
外观3	
精细3	
服务专业性3	
保障3	
外观2	
外观3	
外观3	
外观3	
精细3	
外观3	
舒适3	
外观3	
外观3	
精细3	
精细3	
外观3	
保障3	
外部3	
精细3	
沟通有效性3	
舒适3	
保障3	
保障3	
舒适3	
外观3	
精细3	
精细3	
外部3	
响应及时性3	
服务专业性3	
精细1	
外观3	
精细3	
舒适1	
外观1	
精细3	
外部3	
外部3	
精细3	
外部3	
外部3	
精细3	
外部3	
服务专业性1	
精细3	
保障1	
精细1	
服务专业性1	
服务专业性3	
精细3	
服务专业性1	
精细2	
保障1	
外部1	
外观3	
耐久3	
外观3	
精细3	
精细3	
精细3	
外观3	
外观3	
精细3	
舒适3	
精细3	
外观3	
服务专业性3	
精细3	
外观3	
外观3	
外观3	
精细3	
外部3	
舒适3	
保障3	
舒适3	
舒适3	
服务专业性3	
保障3	
舒适3	
精细3	
精细3	
保障3	
精细3	
外观1	
外观1	
精细1	
精细2	
精细3	
外观3	
外观3	
舒适3	
沟通有效性3	
耐久1	
舒适3	
精细3	
外部3	
服务专业性3	
外部3	
外部3	
精细1	
保障2	
服务专业性1	
外部1	
精细1	
沟通有效性1	
沟通有效性1	
外部1	
精细1	
外部2	
服务专业性3	
保障3	
舒适3	
外观3	
沟通有效性3	
外观3	
耐久1	
外观1	
耐久1	
外部1	
外观3	
服务专业性3	
外部3	
精细3	
响应及时性3	
耐久2	
精细3	
外观3	
外部3	
外观3	
外观2	
外部3	
外部3	
外部3	
舒适3	
外部2	
沟通有效性1	
补偿合理性1	
补偿合理性1	
补偿合理性1	
补偿合理性1	
外部1	
补偿合理性1	
外部1	
舒适3	
精细3	
舒适3	
舒适3	
精细3	
外部3	
外部3	
舒适2	
外部3	
舒适3	
舒适3	
服务专业性3	
服务专业性3	
精细3	
保障2	
精细3	
外观3	
外观3	
精细2	
外观3	
保障2	
保障3	
外部3	
精细3	
外部3	
外部3	
精细2	
精细2	
精细2	
外部1	
外部2	
外观3	
精细3	
精细3	
精细3	
精细1	
舒适3	
精细2	
精细3	
舒适3	
保障3	
精细3	
保障3	
外部1	
保障1	
外观3	
保障3	
保障3	
精细3	
保障1	
外观3	
保障2	
精细3	
保障3	
舒适3	
精细3	
精细3	
外观3	
精细2	
补偿合理性2	
服务专业性2	
舒适2	
服务专业性1	
服务专业性1	
保障3	
精细1	
外部2	
舒适3	
精细3	
外观3	
外部3	
外部3	
服务专业性2	
舒适2	
外部3	
服务专业性3	
外观3	
外观3	
保障3	
舒适3	
保障3	
外部3	
服务专业性3	
响应及时性3	
服务专业性3	
舒适3	
保障3	
服务专业性3	
舒适3	
外观3	
精细3	
耐久1	
保障3	
外观3	
外部3	
精细3	
保障3	
保障3	
精细3	
外观3	
保障3	
保障2	
外观3	
外部2	
服务专业性1	
外观3	
外观3	
舒适3	
外部3	
外观3	
外观3	
外部3	
精细3	
精细3	
外部3	
保障3	
外观3	
外部3	
外部3	
外部3	
外部3	
响应及时性3	
服务专业性3	
精细3	
外部1	
保障1	
精细2	
精细2	
精细2	
服务专业性3	
保障3	
外部3	
精细3	
精细3	
保障3	
外部3	
服务专业性3	
外观3	
精细3	
保障3	
外观2	
外部3	
精细3	
外部3	
服务专业性1	
外部3	
外观3	
精细3	
保障1	
精细3	
外部3	
精细3	
外观3	
服务专业性3	
外部3	
舒适3	
保障3	
外观3	
精细3	
精细2	
外观3	
外观3	
耐久3	
精细3	
舒适3	
精细1	
保障3	
外观3	
外部1	
外部1	
精细1	
保障3	
外部2	
舒适2	
沟通有效性1	
舒适3	
精细1	
舒适2	
精细2	
精细3	
精细3	
精细3	
精细2	
保障3	
沟通有效性2	
外部2	
外观1	
外观2	
外观3	
精细3	
舒适3	
外观3	
服务专业性3	
精细3	
保障3	
精细3	
外部3	
舒适3	
精细1	
外观1	
服务专业性1	
舒适3	
外观3	
保障3	
舒适3	
精细3	
外观3	
外部2	
外部2	
外部3	
舒适2	
精细3	
外部3	
精细2	
精细3	
保障3	
保障3	
精细3	
精细3	
补偿合理性2	
舒适3	
外观3	
保障3	
舒适2	
精细1	
外观3	
外部3	
舒适3	
保障3	
保障3	
舒适3	
舒适3	
精细3	
精细3	
外观3	
舒适3	
保障3	
精细3	
沟通有效性3	
服务专业性3	
舒适3	
精细3	
保障1	
精细1	
外观3	
外部2	
舒适3	
舒适1	
精细3	
服务专业性3	
舒适3	
精细3	
精细3	
精细2	
外部2	
舒适3	
响应及时性3	
舒适1	
保障3	
舒适2	
精细1	
外观1	
沟通有效性3	
外部2	
精细1	
外部2	
精细3	
舒适3	
外部3	
舒适2	
服务专业性2	
舒适3	
保障3	
外观3	
舒适3	
服务专业性3	
外观3	
精细3	
保障3	
保障3	
外部3	
精细3	
外观3	
外部3	
外观2	
精细2	
精细3	
外部3	
精细3	
保障3	
保障1	
精细3	
外部3	
精细3	
舒适1	
精细3	
外部3	
沟通有效性3	
外观3	
外观3	
舒适3	
服务专业性3	
外部3	
精细3	
精细3	
舒适3	
精细3	
服务专业性3	
精细3	
外部1	
精细2	
精细2	
舒适1	
舒适3	
保障3	
外观3	
外观3	
外观3	
保障2	
保障3	
精细3	
服务专业性3	
服务专业性3	
精细3	
外观1	
舒适1	
服务专业性3	
精细3	
舒适3	
外部1	
外观3	
舒适3	
外观3	
外部2	
保障2	
保障2	
保障2	
服务专业性1	
外观1	
外部3	
精细2	
保障2	
保障1	
外观3	
外观3	
精细3	
外观3	
服务专业性3	
服务专业性3	
保障3	
外观3	
服务专业性3	
沟通有效性1	
外观3	
舒适3	
外观3	
舒适3	
精细2	
服务专业性1	
响应及时性1	
外部2	
精细1	
精细2	
服务专业性2	
外观3	
外观3	
外部3	
外部3	
外观3	
外部3	
保障3	
保障3	
外部3	
外部3	
保障3	
外观2	
保障3	
舒适3	
精细3	
外观3	
外观3	
保障2	
舒适2	
外部3	
外观2	
外观2	
外观3	
外观2	
舒适2	
保障3	
舒适3	
舒适3	
外观2	
舒适2	
耐久3	
保障3	
舒适3	
舒适2	
外观3	
外部3	
外观2	
精细3	
沟通有效性2	
沟通有效性3	
外部3	
精细3	
服务专业性3	
保障3	
舒适3	
舒适3	
保障3	
保障3	
服务专业性3	
舒适2	
精细3	
精细2	
舒适3	
服务专业性3	
保障3	
保障3	
外部3	
精细3	
保障3	
外观3	
舒适2	
外观3	
服务专业性3	
外部3	
舒适3	
保障3	
精细1	
外观2	
精细3	
保障3	
外部2	
外部1	
精细3	
外部3	
外部3	
服务专业性3	
沟通有效性3	
服务专业性3	
精细3	
外部3	
精细3	
精细3	
精细3	
舒适3	
外部3	
外部3	
外部3	
保障3	
舒适3	
外观3	
保障3	
精细3	
舒适2	
舒适3	
外观3	
舒适3	
保障3	
外部3	
外部3	
精细3	
精细3	
服务专业性3	
精细3	
保障3	
外观3	
外观3	
舒适3	
舒适2	
外观3	
服务专业性1	
精细3	
外观3	
外观3	
精细3	
舒适3	
服务专业性3	
外部3	
外部3	
外观3	
外观3	
外部2	
补偿合理性1	
沟通有效性3	
保障3	
精细3	
舒适3	
舒适2	
精细1	
保障3	
外观3	
外观3	
舒适3	
舒适3	
舒适3	
外观3	
外部3	
舒适3	
保障1	
舒适1	
外部1	
精细3	
服务专业性3	
沟通有效性3	
外观3	
外部2	
保障2	
保障3	
保障3	
外部3	
精细3	
外部3	
服务专业性3	
外部3	
外观3	
精细3	
沟通有效性3	
沟通有效性3	
保障3	
耐久1	
保障3	
保障3	
外观3	
外观3	
保障3	
外部3	
精细3	
外部3	
精细3	
精细3	
服务专业性3	
服务专业性3	
精细1	
外部1	
外观2	
舒适3	
沟通有效性3	
精细3	
保障3	
外观3	
外观3	
精细3	
保障3	
外观3	
舒适3	
保障3	
外观3	
外观3	
外观3	
舒适3	
保障3	
保障3	
舒适3	
外观3	
精细2	
外观3	
服务专业性1	
外观1	
舒适2	
外观3	
精细1	
服务专业性1	
沟通有效性2	
外观1	
舒适3	
外部3	
精细3	
沟通有效性3	
外观3	
外观3	
外观3	
精细3	
舒适3	
外观3	
舒适2	
保障2	
服务专业性1	
保障3	
保障3	
外观3	
精细3	
外观3	
精细2	
精细1	
外观3	
精细1	
精细1	
精细1	
外观3	
精细3	
精细2	
舒适3	
保障3	
精细3	
精细3	
外部3	
补偿合理性2	
舒适3	
耐久1	
精细3	
外观3	
精细3	
外部3	
沟通有效性3	
外观3	
精细3	
外观3	
舒适3	
外观3	
外观3	
保障3	
舒适2	
外观2	
外观3	
外部3	
精细3	
外观3	
外观3	
精细3	
保障3	
保障3	
服务专业性3	
保障3	
精细3	
精细3	
保障3	
精细3	
外部3	
精细3	
外部3	
精细3	
外部3	
保障1	
保障3	
外部3	
外部3	
精细1	
精细3	
外部2	
外观3	
精细3	
外观3	
保障2	
外观3	
外观3	
外观3	
牌证1	
精细3	
舒适2	
外部2	
精细1	
精细1	
耐久2	
耐久2	
外部1	
舒适3	
外观3	
耐久3	
保障3	
保障3	
沟通有效性3	
外部1	
外部3	
外部3	
响应及时性3	
服务专业性3	
服务专业性1	
舒适3	
外观3	
精细3	
响应及时性3	
保障3	
耐久3	
保障3	
沟通有效性2	
外观2	
精细3	
服务专业性3	
外观3	
精细3	
外部3	
精细3	
精细1	
响应及时性1	
外部3	
外观3	
精细1	
舒适3	
外部2	
外观3	
外观3	
保障3	
精细3	
精细3	
外观3	
精细1	
精细1	
外部1	
精细3	
外部3	
保障2	
精细3	
外观3	
服务专业性3	
外观3	
外观1	
外观3	
精细2	
精细3	
外观3	
保障3	
精细3	
外观3	
外观3	
舒适1	
精细2	
外观2	
外观2	
服务专业性3	
外部2	
外部2	
外观3	
外观3	
保障3	
外部3	
精细3	
外观3	
保障3	
保障3	
外观3	
精细3	
外观3	
外观2	
保障2	
服务专业性2	
精细1	
外观1	
精细3	
舒适3	
舒适3	
精细3	
精细1	
保障3	
舒适3	
精细3	
保障1	
保障3	
外观3	
舒适3	
精细3	
外部2	
精细3	
服务专业性3	
舒适3	
精细3	
外部3	
舒适2	
舒适3	
外部2	
外部3	
舒适3	
精细3	
外部3	
外观2	
外观3	
耐久2	
保障3	
精细2	
外观3	
舒适1	
服务专业性3	
精细3	
舒适3	
保障3	
服务专业性3	
保障3	
外部3	
舒适3	
精细2	
外部3	
外观3	
精细1	
外观3	
服务专业性3	
精细3	
精细1	
外观3	
精细3	
精细3	
外观2	
服务专业性3	
耐久3	
外观3	
外部3	
外部3	
精细3	
保障3	
外观3	
舒适3	
外观3	
舒适3	
舒适3	
保障3	
舒适3	
外观3	
沟通有效性3	
服务专业性3	
服务专业性3	
精细3	
舒适3	
精细3	
精细3	
精细2	
舒适3	
外观3	
保障1	
保障3	
精细3	
舒适2	
服务专业性3	
保障3	
保障3	
舒适3	
保障1	
精细1	
保障3	
精细1	
服务专业性1	
耐久1	
精细3	
外部3	
保障1	
补偿合理性3	
外观3	
外部1	
精细1	
精细1	
服务专业性3	
精细3	
外观3	
沟通有效性3	
外观3	
精细2	
舒适3	
精细2	
外部2	
耐久2	
精细3	
外观3	
外部3	
外部3	
外部3	
外观1	
外观3	
舒适3	
精细2	
外部1	
外观2	
耐久2	
舒适3	
服务专业性1	
舒适3	
保障3	
舒适3	
外观3	
外观3	
保障3	
保障3	
舒适3	
保障3	
服务专业性3	
外部3	
外部3	
外观3	
外观3	
舒适3	
外观2	
外部3	
服务专业性3	
外部3	
服务专业性3	
精细1	
保障3	
精细3	
外观3	
服务专业性3	
保障3	
精细1	
信息安全性1	
外部3	
服务专业性1	
舒适3	
精细3	
保障3	
精细3	
精细3	
外观3	
外观3	
外观3	
外观3	
保障3	
保障1	
外部1	
外部1	
精细3	
外观3	
外观3	
精细3	
外观3	
保障1	
保障1	
舒适3	
精细2	
舒适2	
外观3	
沟通有效性3	
精细3	
舒适3	
精细3	
舒适3	
精细3	
响应及时性3	
服务专业性3	
外部3	
外部3	
外部3	
保障2	
精细1	
精细1	
精细1	
精细3	
外部3	
外部3	
精细3	
精细3	
精细3	
外观3	
服务专业性3	
服务专业性1	
服务专业性2	
精细3	
外观3	
精细3	
精细3	
外观3	
服务专业性3	
精细3	
外部3	
精细3	
保障3	
外观3	
外观3	
保障3	
舒适3	
保障3	
外观3	
精细3	
服务专业性3	
服务专业性3	
精细3	
精细2	
保障2	
外部3	
外部3	
外观3	
外部3	
外观3	
外部3	
外部3	
保障3	
舒适3	
精细3	
外观3	
外观3	
舒适2	
外部2	
外部2	
精细3	
精细3	
外观3	
保障3	
精细3	
精细3	
外观3	
外观3	
外观3	
响应及时性3	
精细3	
保障1	
外观3	
耐久2	
精细1	
保障3	
外观3	
外观3	
精细3	
外部1	
精细2	
舒适1	
舒适2	
耐久3	
精细3	
沟通有效性3	
外观3	
保障3	
耐久3	
精细3	
舒适3	
外观3	
服务专业性3	
舒适3	
精细2	
补偿合理性1	
精细3	
外观3	
保障3	
外观3	
舒适3	
精细3	
外部3	
外观3	
舒适3	
外观3	
舒适1	
精细2	
外观3	
外观3	
外部3	
保障3	
保障3	
外部3	
服务专业性1	
保障2	
补偿合理性1	
外观3	
外观3	
精细3	
外部3	
外观3	
保障1	
外观3	
外观3	
舒适2	
外观2	
外观3	
精细3	
外观3	
精细3	
外部3	
保障3	
舒适2	
外部3	
外观3	
外部3	
精细3	
服务专业性3	
保障3	
精细3	
外部3	
服务专业性3	
精细3	
精细3	
外观3	
外观3	
保障3	
外部3	
外观1	
舒适3	
舒适2	
外观3	
精细3	
舒适2	
服务专业性3	
保障3	
舒适3	
舒适3	
舒适2	
舒适2	
精细3	
精细3	
精细3	
外观3	
外观3	
保障3	
服务专业性3	
保障1	
保障1	
舒适3	
保障3	
外部2	
服务专业性2	
外观3	
舒适3	
精细3	
精细3	
保障3	
保障3	
保障3	
外部3	
外部3	
外部3	
服务专业性3	
外观3	
外部3	
外观3	
保障3	
精细3	
精细3	
沟通有效性3	
外部3	
外观1	
外观3	
外观3	
保障1	
外观3	
精细3	
服务专业性3	
外观3	
保障3	
精细3	
保障3	
耐久1	
精细3	
外部3	
外部3	
服务专业性3	
舒适3	
外部1	
保障3	
保障3	
外部3	
精细3	
外观2	
保障3	
外观3	
外观3	
舒适3	
舒适2	
精细3	
服务专业性3	
外部1	
外观1	
外部1	
精细3	
沟通有效性3	
外部2	
服务专业性3	
外观3	
精细3	
舒适3	
保障3	
外观3	
保障3	
保障3	
保障3	
服务专业性3	
服务专业性3	
保障3	
外部3	
精细3	
舒适2	
保障3	
保障3	
外观3	
保障3	
外观3	
外观3	
精细3	
舒适3	
外观3	
外观3	
精细3	
外观3	
外观3	
外观3	
耐久3	
外观3	
外部3	
沟通有效性3	
服务专业性3	
舒适3	
牌证1	
精细3	
保障3	
外观3	
外部3	
服务专业性3	
服务专业性3	
精细3	
外观2	
沟通有效性1	
外观2	
外观2	
外观3	
外部3	
保障3	
舒适3	
外部3	
精细3	
保障3	
外观3	
服务专业性3	
外观3	
保障3	
舒适3	
保障3	
外观3	
舒适3	
外观3	
外观3	
精细3	
响应及时性3	
精细3	
沟通有效性3	
保障3	
保障3	
精细3	
耐久3	
服务专业性3	
外观3	
外部2	
外部2	
舒适2	
舒适2	
保障3	
保障3	
保障3	
精细3	
舒适3	
外部2	
精细3	
外部3	
舒适3	
保障3	
保障3	
服务专业性3	
服务专业性3	
精细3	
外观3	
服务专业性3	
外观3	
保障3	
保障3	
保障3	
舒适2	
外观3	
外观3	
补偿合理性1	
精细3	
保障3	
舒适2	
精细2	
服务专业性1	
外观1	
服务专业性1	
响应及时性3	
服务专业性3	
沟通有效性3	
服务专业性3	
服务专业性3	
服务专业性3	
精细3	
外部3	
沟通有效性3	
外观3	
舒适3	
外观3	
精细2	
耐久2	
外观3	
舒适3	
舒适3	
外部3	
舒适3	
精细3	
外观3	
保障3	
精细2	
外观3	
保障2	
保障2	
外观3	
服务专业性3	
精细3	
舒适3	
外观3	
精细3	
外观3	
服务专业性1	
响应及时性3	
沟通有效性3	
保障2	
外观2	
保障3	
精细3	
外部3	
保障3	
精细3	
外部3	
精细3	
外观3	
外部3	
保障3	
服务专业性3	
外部3	
耐久3	
外部3	
外部3	
外部3	
精细3	
外部3	
服务专业性3	
外部3	
外部3	
舒适3	
服务专业性1	
服务专业性3	
精细3	
外观3	
保障3	
精细3	
精细3	
舒适3	
保障3	
外观3	
外观1	
外部3	
外部3	
精细3	
保障3	
外观3	
外观2	
舒适3	
精细3	
外观3	
精细3	
保障3	
响应及时性3	
服务专业性3	
外部3	
精细1	
外部3	
耐久3	
服务专业性2	
补偿合理性1	
外观2	
舒适1	
舒适2	
服务专业性2	
精细3	
外观3	
保障1	
外观3	
外观3	
舒适3	
外观2	
服务专业性3	
精细3	
保障3	
外部1	
精细1	
精细1	
精细3	
精细3	
保障3	
外部3	
精细3	
外部3	
服务专业性1	
外观2	
外观2	
耐久1	
外观1	
精细1	
外观3	
舒适3	
保障3	
外观3	
服务专业性3	
精细3	
保障3	
外观3	
外观3	
外观3	
精细3	
外部3	
服务专业性3	
外观2	
精细2	
舒适2	
舒适2	
外部2	
外部2	
外部3	
舒适3	
精细3	
外部3	
服务专业性3	
沟通有效性3	
服务专业性3	
服务专业性3	
精细2	
精细2	
舒适1	
舒适1	
外观3	
精细2	
外观3	
外观3	
精细2	
外观3	
外观3	
舒适3	
外部3	
外部3	
外部3	
精细3	
外观3	
外观3	
外部3	
外观3	
精细3	
精细3	
外观3	
精细3	
沟通有效性3	
外观3	
外观3	
精细3	
外观3	
精细3	
沟通有效性1	
舒适2	
保障3	
精细3	
外部3	
外观3	
舒适3	
外观3	
外部3	
外部3	
精细3	
外观2	
补偿合理性1	
精细3	
外观3	
精细3	
外观3	
精细3	
外部3	
外部1	
舒适3	
外部3	
沟通有效性3	
外部1	
外观3	
耐久3	
外观3	
外观3	
精细3	
舒适3	
外部3	
保障3	
服务专业性3	
服务专业性3	
外观3	
精细3	
保障3	
舒适3	
保障3	
外观3	
外观3	
舒适2	
舒适3	
精细3	
外部3	
服务专业性3	
精细3	
舒适2	
服务专业性2	
外观3	
保障3	
舒适3	
舒适3	
舒适3	
舒适3	
保障3	
保障3	
外观3	
外观3	
外观3	
外部3	
舒适1	
精细1	
外观3	
精细3	
外观2	
精细3	
服务专业性2	
服务专业性3	
服务专业性3	
舒适3	
外观3	
外观2	
保障1	
舒适3	
保障3	
精细3	
保障2	
精细3	
外观3	
外观3	
舒适3	
外观3	
外观3	
舒适3	
保障1	
保障3	
舒适3	
舒适3	
外部3	
保障1	
耐久1	
舒适1	
外观2	
精细2	
外观3	
保障3	
保障3	
外观3	
外观3	
舒适2	
保障2	
保障1	
精细3	
舒适3	
舒适3	
沟通有效性3	
外观3	
外观3	
舒适1	
精细3	
保障3	
舒适3	
外部3	
精细3	
舒适3	
舒适2	
外观3	
保障3	
外观3	
精细1	
外观3	
外观3	
精细3	
舒适2	
外部2	
保障3	
外部3	
外观2	
外观3	
舒适3	
沟通有效性3	
外部3	
精细3	
沟通有效性2	
精细2	
舒适3	
外观3	
外观3	
外观3	
精细2	
保障1	
精细3	
舒适3	
精细1	
耐久1	
外观3	
外观1	
舒适2	
舒适1	
舒适3	
精细3	
服务专业性3	
保障3	
舒适3	
外观3	
保障3	
精细3	
外观3	
外观3	
精细3	
外部1	
外部1	
外观3	
服务专业性3	
舒适1	
精细3	
保障3	
外部3	
舒适3	
精细3	
舒适3	
舒适3	
舒适3	
外观3	
保障3	
外部3	
保障2	
外观1	
精细3	
外观3	
精细3	
舒适2	
舒适3	
保障3	
外观3	
外观3	
精细3	
外观3	
保障1	
外部2	
外部2	
服务专业性3	
外观3	
保障3	
保障3	
精细3	
舒适3	
精细3	
服务专业性3	
外观3	
外观3	
外观3	
外观2	
精细3	
耐久3	
外部3	
外部1	
外部1	
精细1	
服务专业性1	
精细1	
外部1	
保障3	
外观3	
外部3	
外观3	
舒适2	
外观3	
外观3	
保障3	
舒适3	
保障3	
精细3	
舒适3	
保障3	
精细3	
保障3	
精细3	
服务专业性3	
外部3	
服务专业性3	
精细3	
服务专业性3	
服务专业性1	
精细2	
补偿合理性1	
舒适3	
保障3	
外观3	
舒适2	
外观3	
外观3	
精细3	
保障3	
舒适3	
外观3	
外部3	
精细3	
保障3	
响应及时性3	
舒适3	
外观3	
舒适3	
服务专业性1	
精细3	
外观3	
外观3	
精细3	
保障3	
精细3	
精细2	
精细1	
精细1	
精细1	
舒适3	
精细2	
沟通有效性2	
舒适2	
舒适3	
外部2	
外观3	
精细3	
服务专业性3	
外观3	
保障3	
精细3	
外部3	
外观3	
外观3	
精细1	
舒适3	
外部3	
保障3	
保障3	
保障3	
精细3	
外观2	
外观3	
舒适3	
服务专业性3	
精细3	
外部3	
外观3	
外观3	
外观2	
精细3	
保障2	
牌证1	
外观3	
保障3	
外观2	
精细3	
舒适3	
外观1	
舒适2	
保障3	
外观3	
外观3	
外部3	
外观3	
精细3	
精细2	
保障2	
舒适3	
外观3	
外观3	
外观3	
舒适3	
外部2	
保障3	
外观3	
牌证1	
外部3	
服务专业性2	
舒适3	
外部3	
精细3	
保障3	
精细3	
保障3	
精细3	
精细2	
耐久1	
精细1	
耐久1	
外观3	
舒适3	
精细3	
保障3	
舒适3	
精细3	
精细2	
保障3	
保障3	
保障3	
外观3	
舒适3	
舒适3	
外观3	
保障3	
精细3	
精细3	
精细3	
保障3	
舒适3	
外观3	
外部2	
服务专业性3	
外观3	
外观3	
服务专业性3	
服务专业性3	
沟通有效性3	
外部3	
响应及时性3	
保障2	
外观2	
精细2	
精细2	
舒适3	
外部3	
舒适2	
外部3	
保障3	
舒适3	
舒适3	
精细1	
外部3	
保障2	
耐久2	
服务专业性1	
补偿合理性1	
沟通有效性1	
服务专业性1	
补偿合理性1	
服务专业性1	
外观3	
舒适3	
精细3	
外观2	
外部3	
外部3	
外部3	
保障3	
保障3	
外部3	
外观3	
保障3	
保障3	
外观3	
精细3	
精细3	
舒适3	
外观3	
外观3	
精细3	
保障3	
外观2	
保障3	
外部3	
精细3	
耐久3	
舒适3	
保障3	
精细3	
外观3	
耐久3	
精细3	
外观3	
精细3	
响应及时性3	
舒适3	
保障1	
外观3	
精细3	
精细3	
外观3	
保障3	
外观3	
外观2	
舒适3	
外观3	
外观3	
精细1	
服务专业性3	
保障3	
外观3	
舒适1	
沟通有效性1	
外观3	
保障2	
保障3	
外观3	
外观3	
外观3	
外部3	
保障3	
精细3	
服务专业性3	
保障3	
外观3	
舒适3	
精细3	
精细3	
保障3	
精细3	
沟通有效性3	
外观3	
精细3	
服务专业性3	
服务专业性3	
外部3	
精细3	
精细3	
响应及时性3	
外部3	
精细2	
外观3	
外部3	
外部3	
精细3	
服务专业性3	
精细3	
外部3	
保障3	
保障3	
精细3	
外部3	
精细3	
外观3	
保障3	
舒适3	
外观3	
精细3	
外观3	
保障3	
外观3	
精细3	
外观3	
舒适3	
精细3	
外观3	
外观3	
精细3	
外部3	
响应及时性3	
服务专业性3	
沟通有效性2	
外部3	
外观3	
外观3	
外观3	
精细3	
外观3	
精细2	
保障3	
精细3	
沟通有效性3	
服务专业性3	
外观3	
服务专业性3	
外观3	
外观3	
精细3	
精细3	
精细3	
服务专业性3	
舒适3	
精细3	
保障3	
保障3	
保障3	
舒适3	
外部3	
精细3	
保障3	
保障3	
精细3	
精细2	
保障1	
保障2	
精细1	
外观3	
服务专业性3	
保障3	
舒适3	
服务专业性3	
舒适3	
外部1	
精细2	
精细3	
服务专业性3	
外观3	
保障3	
精细3	
保障3	
舒适3	
外观3	
外部1	
外观3	
保障2	
外观3	
精细1	
精细1	
耐久2	
精细3	
保障3	
舒适2	
舒适3	
外部3	
外观3	
服务专业性3	
精细2	
外观2	
外部2	
保障3	
精细3	
外观3	
外观3	
外观3	
精细3	
保障3	
外部3	
服务专业性3	
外观3	
精细3	
外观3	
精细3	
外部3	
精细3	
保障2	
保障3	
保障3	
外部3	
精细2	
精细3	
保障3	
外观3	
外观3	
保障3	
保障3	
保障3	
保障3	
保障1	
保障2	
保障1	
舒适3	
外部3	
精细3	
舒适3	
舒适1	
服务专业性3	
外观3	
外观3	
精细3	
舒适3	
外部3	
舒适3	
舒适3	
精细3	
服务专业性3	
外部3	
外部3	
外部3	
精细3	
外观2	
服务专业性3	
舒适3	
外部2	
精细3	
保障3	
舒适3	
外观3	
保障3	
外部3	
沟通有效性3	
外部3	
外观3	
精细3	
外观3	
保障3	
外观3	
外观3	
外部3	
舒适3	
外观3	
外观3	
精细3	
精细3	
外观3	
外观3	
外观3	
精细3	
精细3	
外观3	
外观3	
外观2	
外部1	
耐久1	
保障3	
精细3	
保障3	
精细2	
外观3	
外部3	
外部3	
服务专业性3	
外观3	
服务专业性3	
外观3	
服务专业性3	
服务专业性3	
沟通有效性2	
保障3	
保障3	
服务专业性3	
外观3	
沟通有效性3	
沟通有效性3	
舒适3	
外部3	
外部3	
沟通有效性3	
沟通有效性3	
服务专业性3	
外观3	
保障3	
舒适3	
外观3	
外观3	
舒适3	
精细3	
保障1	
保障3	
精细3	
舒适1	
外观3	
舒适3	
精细2	
外部2	
外观3	
精细3	
外观3	
外部3	
外部3	
精细3	
保障3	
外部2	
沟通有效性3	
沟通有效性3	
沟通有效性3	
舒适3	
精细3	
外观3	
保障3	
精细3	
外部3	
保障3	
外观3	
舒适3	
外部2	
保障2	
外观3	
外观2	
精细2	
服务专业性2	
外观2	
外部3	
外观3	
保障3	
舒适2	
外观1	
舒适3	
外观3	
保障3	
舒适3	
外观3	
保障3	
保障3	
外观3	
外观3	
外部3	
舒适3	
精细3	
舒适3	
精细2	
精细3	
外部2	
耐久1	
精细1	
服务专业性1	
外观3	
精细3	
精细1	
外观3	
保障3	
精细3	
精细3	
保障3	
精细3	
外观3	
舒适3	
精细2	
保障2	
外部2	
舒适3	
外观3	
沟通有效性1	
舒适3	
精细2	
精细2	
服务专业性3	
外部3	
精细3	
外部3	
外部3	
服务专业性3	
精细1	
外观3	
服务专业性1	
补偿合理性1	
服务专业性1	
精细3	
保障2	
舒适2	
外观3	
精细3	
外部3	
精细3	
外部3	
外部3	
精细2	
保障3	
保障3	
保障3	
舒适3	
外观2	
耐久1	
保障3	
沟通有效性3	
外部3	
外观3	
舒适3	
外观3	
外观3	
保障3	
舒适2	
舒适2	
外观3	
外观3	
精细3	
精细2	
保障2	
精细2	
保障3	
精细3	
外观3	
舒适3	
舒适3	
保障3	
外部3	
外部3	
响应及时性3	
精细3	
外部3	
外部3	
外观2	
外观2	
外部2	
舒适3	
外观3	
舒适3	
舒适2	
舒适2	
精细1	
舒适1	
响应及时性1	
外观2	
舒适3	
保障3	
外观3	
外部2	
外观2	
外部3	
保障3	
精细3	
精细3	
保障3	
舒适3	
外部3	
舒适3	
舒适2	
舒适2	
服务专业性3	
外观3	
保障3	
外观3	
保障3	
外观3	
外观3	
外部3	
保障3	
舒适3	
保障3	
精细3	
精细3	
外观3	
精细2	
精细2	
外部2	
外部2	
精细3	
保障3	
舒适3	
沟通有效性3	
服务专业性3	
沟通有效性3	
舒适3	
外观3	
外部3	
外部3	
精细3	
外观3	
舒适3	
外观3	
舒适3	
服务专业性2	
服务专业性3	
服务专业性3	
外观3	
保障3	
精细3	
服务专业性3	
外观3	
精细3	
外观3	
外观3	
外部2	
保障3	
服务专业性2	
服务专业性3	
外观3	
服务专业性3	
外观2	
舒适2	
保障3	
保障3	
保障3	
保障3	
精细3	
外部3	
外部3	
精细3	
保障3	
外观3	
外观3	
外观3	
响应及时性3	
外部3	
精细2	
外部3	
舒适3	
精细1	
保障3	
精细2	
外观1	
精细3	
精细3	
外部3	
外部3	
精细3	
外观3	
舒适3	
舒适3	
精细3	
精细2	
耐久1	
沟通有效性3	
保障3	
舒适3	
外观3	
外部1	
精细3	
保障3	
舒适2	
舒适2	
舒适3	
外部3	
外观3	
外观2	
精细3	
舒适3	
保障3	
外观3	
外观3	
外观3	
精细3	
服务专业性3	
服务专业性3	
沟通有效性3	
外观3	
耐久1	
耐久1	
保障2	
外观3	
外观3	
精细1	
外部3	
外观3	
外观3	
保障3	
精细3	
沟通有效性3	
服务专业性3	
沟通有效性3	
服务专业性3	
精细3	
服务专业性1	
服务专业性1	
服务专业性1	
响应及时性1	
外部1	
补偿合理性1	
外部3	
外观3	
服务专业性2	
服务专业性2	
精细3	
外部3	
外部3	
精细2	
外观3	
精细3	
精细2	
外观3	
外部3	
外观3	
精细3	
保障3	
精细3	
外观3	
外观3	
外观3	
外观3	
外观2	
舒适3	
保障2	
外部3	
精细3	
外观3	
外观3	
外观3	
外观3	
保障3	
外部3	
保障3	
精细3	
精细3	
外观3	
舒适2	
舒适3	
外部3	
保障3	
保障3	
舒适3	
外观3	
精细1	
耐久2	
保障1	
精细1	
精细1	
精细3	
外观3	
外观3	
保障1	
精细3	
服务专业性3	
服务专业性3	
外观3	
耐久1	
外部2	
精细2	
保障3	
外观3	
舒适3	
保障3	
外观3	
服务专业性3	
外部3	
外观3	
精细3	
外观3	
精细3	
保障3	
外观3	
保障3	
外观3	
精细3	
保障3	
保障3	
精细3	
舒适2	
外观3	
精细3	
外观3	
外观3	
沟通有效性3	
外部3	
外部2	
外部3	
外部3	
舒适3	
服务专业性3	
外部3	
外观3	
外观3	
外观3	
舒适3	
沟通有效性3	
外观3	
精细3	
外部3	
响应及时性1	
舒适1	
外部1	
服务专业性1	
外部1	
精细3	
外观2	
外观2	
保障3	
外部3	
舒适3	
保障1	
外部3	
外部2	
服务专业性2	
服务专业性2	
外观2	
精细2	
精细3	
外观3	
精细3	
精细3	
外观3	
服务专业性2	
舒适3	
舒适3	
外观3	
精细1	
沟通有效性1	
精细3	
精细3	
外观3	
精细3	
保障3	
精细1	
外观3	
外观3	
保障3	
外部3	
外观3	
保障3	
外观3	
精细3	
外观3	
外观3	
外观3	
精细3	
外部2	
外部2	
外观3	
精细3	
保障3	
舒适3	
外观2	
外部2	
外部2	
耐久1	
保障3	
保障3	
舒适3	
舒适2	
外观3	
舒适3	
耐久1	
沟通有效性1	
服务专业性1	
精细3	
外观3	
精细3	
服务专业性3	
精细3	
外观3	
外观3	
保障3	
外观2	
外部3	
耐久1	
保障3	
保障1	
外部2	
精细3	
精细3	
服务专业性3	
保障3	
精细3	
精细3	
服务专业性3	
外观3	
沟通有效性3	
精细1	
服务专业性3	
外观3	
舒适3	
精细3	
外观3	
舒适1	
保障3	
精细3	
外观3	
精细3	
保障3	
外部3	
外观3	
服务专业性3	
舒适1	
精细3	
服务专业性3	
精细3	
舒适3	
保障2	
外观3	
舒适2	
精细1	
外部1	
响应及时性1	
沟通有效性1	
舒适3	
外部2	
外部2	
舒适3	
外部3	
外观3	
保障3	
外观3	
精细3	
保障3	
保障1	
精细3	
外观3	
服务专业性3	
外观3	
精细3	
精细3	
外部3	
保障3	
服务专业性3	
保障2	
外部3	
舒适2	
外观3	
精细3	
外部3	
外部3	
服务专业性3	
沟通有效性3	
服务专业性3	
沟通有效性3	
服务专业性3	
沟通有效性3	
外部3	
保障3	
外观3	
外观3	
保障2	
舒适2	
精细1	
保障3	
舒适3	
外观3	
精细2	
精细3	
外部3	
服务专业性3	
服务专业性3	
外观3	
服务专业性3	
精细3	
精细1	
精细3	
保障3	
舒适3	
精细3	
保障1	
精细1	
精细2	
外观3	
保障3	
外观3	
外观3	
保障3	
保障3	
外部3	
精细3	
外观3	
保障3	
外观3	
精细3	
保障3	
外部3	
保障3	
精细1	
精细1	
保障3	
服务专业性3	
精细3	
外部3	
外部3	
外部3	
服务专业性3	
服务专业性3	
精细3	
外部3	
外部3	
服务专业性3	
沟通有效性3	
服务专业性3	
精细3	
服务专业性3	
外部3	
保障3	
保障3	
保障3	
舒适3	
舒适1	
舒适3	
外部3	
舒适3	
外部3	
舒适3	
舒适3	
服务专业性3	
外部3	
外观3	
外部3	
精细3	
舒适3	
精细3	
保障3	
精细2	
精细3	
服务专业性3	
外观3	
外观3	
舒适1	
外部3	
外部3	
外部3	
精细3	
服务专业性3	
保障1	
外部3	
精细3	
精细3	
外部3	
精细3	
精细3	
外部3	
舒适3	
保障3	
保障1	
外观3	
服务专业性3	
外观3	
保障3	
舒适3	
外部3	
精细1	
精细2	
外部3	
外观3	
外观3	
舒适3	
外部2	
耐久3	
外观3	
保障3	
保障3	
精细1	
精细1	
舒适3	
服务专业性3	
服务专业性3	
外部3	
外观3	
外观3	
外观2	
精细2	
精细1	
外观3	
保障3	
保障3	
服务专业性2	
响应及时性1	
服务专业性1	
外观3	
精细3	
舒适3	
舒适3	
外观2	
外观3	
舒适3	
舒适3	
外观3	
外观3	
精细3	
舒适3	
精细3	
外部3	
保障3	
外观3	
外部1	
服务专业性3	
外观3	
保障3	
沟通有效性3	
精细3	
服务专业性3	
精细3	
外部3	
精细1	
外观3	
外观3	
舒适3	
服务专业性3	
外观1	
外观1	
精细3	
外部3	
外观3	
外观3	
外观3	
保障3	
舒适1	
精细1	
服务专业性3	
沟通有效性3	
保障3	
舒适3	
精细3	
外观3	
精细3	
服务专业性3	
服务专业性2	
保障3	
保障2	
舒适2	
外观2	
外观3	
外部3	
保障3	
保障3	
沟通有效性3	
外观3	
保障3	
精细3	
保障3	
外观3	
外部3	
舒适3	
精细3	
外部2	
保障3	
保障3	
保障3	
精细2	
舒适2	
舒适2	
精细3	
外部3	
外部3	
外部3	
保障3	
保障3	
外观3	
服务专业性3	
外部1	
服务专业性1	
信息安全性1	
外部2	
舒适2	
精细3	
外观3	
精细3	
外观3	
保障3	
舒适3	
外部3	
外观3	
保障3	
外部3	
外观3	
舒适3	
外部1	
保障3	
外观3	
外观3	
精细3	
精细3	
舒适3	
保障3	
舒适2	
舒适3	
外观3	
外观1	
舒适3	
外部3	
外部3	
外观3	
保障3	
精细3	
保障3	
服务专业性1	
服务专业性1	
沟通有效性1	
精细2	
外部2	
保障3	
响应及时性1	
外观3	
保障3	
外部3	
保障3	
服务专业性1	
精细1	
精细1	
服务专业性1	
舒适3	
精细2	
外观3	
舒适3	
保障3	
精细3	
保障3	
舒适3	
服务专业性3	
外部2	
保障3	
精细3	
保障3	
耐久3	
保障3	
外观3	
精细3	
精细3	
外观2	
外观3	
保障3	
外部1	
外观1	
外部1	
外部2	
精细3	
外观3	
舒适3	
保障3	
外部1	
精细2	
沟通有效性2	
外观3	
外部3	
保障3	
保障3	
保障3	
舒适3	
服务专业性1	
服务专业性1	
响应及时性1	
服务专业性1	
精细2	
舒适2	
外部3	
精细2	
舒适2	
舒适2	
外观2	
精细1	
精细1	
精细3	
外观3	
外观3	
外观3	
精细3	
外部2	
舒适1	
服务专业性1	
外观3	
保障3	
外观3	
外观3	
保障3	
沟通有效性3	
沟通有效性3	
保障3	
舒适3	
精细3	
精细3	
外观3	
精细3	
服务专业性2	
舒适3	
保障3	
耐久3	
耐久1	
舒适3	
外部3	
精细3	
精细3	
沟通有效性3	
精细3	
精细3	
保障3	
精细3	
服务专业性3	
外观3	
精细2	
精细3	
外观3	
外部2	
外观3	
舒适2	
舒适1	
耐久1	
补偿合理性1	
沟通有效性1	
精细1	
补偿合理性1	
补偿合理性1	
补偿合理性1	
保障1	
保障1	
舒适2	
服务专业性2	
外部3	
精细3	
外部2	
外观3	
精细3	
外观3	
精细1	
精细3	
外观3	
服务专业性3	
精细3	
保障3	
外部3	
外观3	
精细1	
补偿合理性1	
补偿合理性1	
精细1	
精细3	
外观3	
精细3	
外观3	
沟通有效性3	
外部2	
服务专业性3	
保障1	
保障1	
保障3	
外观3	
外观3	
外观3	
舒适2	
舒适1	
外观3	
精细3	
外部3	
外观3	
外观3	
舒适3	
精细3	
外观3	
精细3	
服务专业性3	
精细3	
精细3	
外观3	
保障3	
外观3	
外部2	
外观3	
耐久3	
外观3	
外观3	
外部2	
外部2	
外观3	
外观3	
保障3	
舒适2	
外观3	
精细3	
精细3	
外部3	
沟通有效性3	
外部3	
精细3	
保障3	
外部3	
外观3	
外部3	
精细2	
补偿合理性1	
精细3	
外部3	
沟通有效性3	
舒适3	
精细3	
保障3	
沟通有效性1	
服务专业性3	
沟通有效性3	
服务专业性3	
保障3	
外观3	
服务专业性3	
保障3	
外观3	
舒适2	
外观3	
外观3	
舒适1	
保障3	
舒适2	
外观3	
精细3	
精细3	
精细3	
外观3	
精细3	
保障3	
外观3	
舒适3	
服务专业性1	
精细3	
外观3	
舒适3	
保障3	
保障3	
保障3	
耐久1	
外部1	
外观3	
外观3	
响应及时性3	
外观3	
精细3	
外观3	
外观3	
外观3	
保障3	
外观3	
外观3	
外观2	
服务专业性3	
服务专业性3	
服务专业性3	
外部3	
精细3	
保障3	
耐久1	
保障3	
牌证1	
精细3	
沟通有效性3	
外观3	
外部3	
外观3	
精细3	
舒适2	
外部1	
精细2	
精细3	
外部3	
响应及时性3	
外部3	
精细2	
外部3	
保障3	
舒适3	
服务专业性3	
外观3	
精细3	
外观3	
精细3	
外观3	
外观3	
精细3	
精细3	
舒适3	
外部3	
舒适3	
舒适2	
耐久2	
精细3	
服务专业性3	
服务专业性3	
服务专业性3	
外观3	
保障3	
响应及时性3	
精细2	
舒适3	
外观3	
外观3	
外观2	
保障2	
外观3	
外观3	
精细3	
舒适2	
外观3	
外部3	
外观3	
精细3	
外观3	
外部2	
精细3	
保障2	
舒适3	
外观3	
外观3	
精细3	
外部3	
外观3	
精细3	
服务专业性3	
外观3	
外观3	
外观3	
外观3	
保障3	
舒适3	
服务专业性2	
服务专业性2	
保障3	
外观3	
舒适3	
精细3	
响应及时性3	
精细3	
外观3	
服务专业性2	
外部2	
精细2	
精细3	
精细3	
精细3	
外观3	
响应及时性3	
服务专业性3	
精细3	
精细3	
舒适3	
精细3	
外部3	
精细3	
精细3	
保障3	
外部2	
外部3	
外观3	
保障3	
舒适3	
外观3	
外观1	
舒适1	
外观3	
外观3	
保障3	
精细3	
舒适3	
服务专业性3	
精细3	
外部3	
外观3	
精细3	
服务专业性3	
外部3	
精细3	
精细3	
外观3	
外部3	
外观3	
舒适3	
舒适2	
舒适3	
保障3	
服务专业性3	
保障3	
精细3	
保障3	
保障3	
舒适3	
精细3	
外部3	
服务专业性3	
沟通有效性3	
保障3	
服务专业性3	
外部3	
外观3	
外观3	
精细3	
保障3	
外部3	
精细3	
保障3	
精细3	
外观3	
服务专业性2	
外观3	
保障3	
外观3	
保障3	
舒适3	
服务专业性3	
外部3	
保障2	
保障3	
保障3	
外部3	
外观1	
精细2	
精细3	
沟通有效性3	
服务专业性3	
服务专业性2	
精细2	
外观1	
舒适2	
舒适1	
精细1	
精细3	
精细1	
外观3	
外观3	
外观3	
保障3	
外观3	
保障3	
外观3	
服务专业性3	
精细3	
外部3	
外观3	
精细3	
外观3	
精细3	
精细3	
服务专业性3	
服务专业性3	
服务专业性3	
保障3	
外观3	
外观3	
沟通有效性1	
牌证1	
精细3	
外部3	
保障3	
保障2	
精细2	
舒适3	
服务专业性3	
外部3	
外部3	
外观3	
外部1	
服务专业性2	
沟通有效性1	
沟通有效性1	
精细3	
外观3	
沟通有效性1	
外部3	
外部2	
保障3	
外观3	
外观3	
舒适3	
保障3	
舒适3	
精细1	
保障3	
保障3	
舒适3	
服务专业性3	
外观3	
外观3	
保障3	
保障3	
舒适3	
外部3	
外部3	
保障3	
精细3	
外部3	
服务专业性3	
沟通有效性2	
服务专业性3	
沟通有效性3	
舒适2	
精细3	
外观3	
外观3	
外观3	
外部3	
服务专业性3	
服务专业性3	
外部3	
外观2	
精细2	
保障1	
外观3	
外观3	
精细2	
外部2	
外部3	
外观3	
精细1	
保障2	
精细1	
保障3	
保障3	
保障3	
沟通有效性3	
精细3	
外观3	
精细3	
外观3	
精细2	
外部2	
外观2	
保障3	
精细1	
精细1	
补偿合理性1	
精细3	
外部3	
保障3	
保障3	
保障3	
舒适3	
舒适3	
舒适3	
舒适3	
保障3	
保障3	
保障3	
舒适3	
保障3	
服务专业性3	
服务专业性3	
精细3	
服务专业性3	
舒适3	
外部3	
精细1	
精细3	
舒适1	
外部1	
外部3	
服务专业性3	
服务专业性3	
外部3	
外部3	
外部3	
外部3	
外部3	
外观1	
外观3	
外部3	
保障3	
舒适2	
外观2	
舒适1	
精细3	
外观3	
保障3	
外观3	
外观3	
沟通有效性3	
响应及时性3	
外观3	
外观3	
精细2	
外观3	
保障3	
精细3	
保障3	
耐久3	
保障3	
舒适3	
外部3	
外部3	
外部3	
外部3	
保障3	
外观3	
外观3	
外部2	
保障3	
外观2	
精细3	
精细3	
外部3	
外观3	
服务专业性3	
保障3	
外观3	
精细3	
精细3	
外部2	
外观3	
外部3	
外观3	
舒适3	
精细3	
服务专业性3	
外观3	
精细3	
补偿合理性1	
服务专业性1	
精细3	
外观3	
外观3	
外部3	
沟通有效性3	
保障3	
舒适3	
精细3	
舒适3	
外观3	
精细3	
精细3	
外部3	
外观3	
外部3	
服务专业性3	
精细3	
保障3	
外观2	
外观2	
精细2	
舒适2	
外部2	
精细2	
舒适3	
保障3	
舒适1	
精细2	
外观3	
精细3	
外观3	
舒适3	
沟通有效性3	
服务专业性3	
服务专业性3	
精细3	
舒适1	
舒适3	
外部3	
外部3	
保障3	
外部1	
舒适3	
精细3	
外观3	
外观3	
外观3	
外观3	
外观3	
保障3	
外部3	
外部3	
精细3	
外观3	
舒适3	
外部3	
外部3	
外部2	
保障2	
保障2	
舒适3	
舒适1	
外部2	
舒适2	
精细2	
精细3	
外部2	
精细2	
精细3	
外观3	
外观3	
舒适3	
精细2	
保障2	
舒适3	
沟通有效性3	
保障3	
耐久3	
外观3	
外观3	
舒适3	
外观3	
外观3	
精细3	
外观1	
保障3	
外观3	
服务专业性3	
外观3	
精细3	
精细3	
舒适3	
舒适3	
保障3	
服务专业性2	
精细3	
保障3	
外观3	
外部3	
舒适3	
精细1	
舒适3	
外观3	
舒适2	
外观2	
外观3	
外部3	
外部3	
外观3	
精细3	
服务专业性3	
精细3	
耐久3	
服务专业性3	
外部3	
保障3	
外观3	
精细2	
外部1	
舒适2	
外部3	
外部2	
服务专业性3	
服务专业性3	
舒适2	
精细1	
保障1	
舒适3	
外观2	
外观3	
保障3	
外部3	
外部3	
服务专业性3	
外部3	
外部3	
服务专业性1	
服务专业性1	
沟通有效性1	
保障2	
外观3	
舒适2	
外部3	
服务专业性3	
服务专业性3	
外部3	
精细3	
沟通有效性3	
外部3	
外观2	
精细1	
外部3	
外观3	
外观3	
服务专业性3	
服务专业性3	
外观3	
外观1	
精细2	
精细2	
舒适2	
保障2	
精细3	
保障3	
外观3	
精细3	
外观3	
保障3	
保障2	
耐久1	
外部2	
外部2	
保障2	
外部3	
外部3	
精细3	
外观3	
外部2	
精细3	
精细3	
保障1	
精细1	
舒适3	
保障3	
精细3	
保障3	
舒适1	
舒适1	
精细3	
保障3	
保障3	
保障3	
服务专业性3	
沟通有效性3	
舒适3	
精细3	
外观3	
外部3	
外观3	
外观3	
外观3	
外部3	
耐久1	
外观3	
舒适3	
外观3	
舒适2	
外部3	
补偿合理性1	
补偿合理性1	
外观3	
服务专业性3	
服务专业性3	
精细2	
外部1	
外观3	
外观3	
精细2	
服务专业性3	
保障3	
保障3	
保障3	
保障3	
外观2	
外部3	
精细3	
外部3	
外部3	
保障3	
舒适3	
服务专业性3	
精细3	
外部3	
精细1	
保障3	
舒适3	
舒适3	
沟通有效性3	
响应及时性3	
精细3	
外观3	
外观3	
外观3	
精细3	
外观3	
外部3	
舒适3	
服务专业性3	
外部3	
外观3	
保障3	
外部3	
外部3	
保障3	
精细3	
精细3	
外部3	
外部2	
外观2	
舒适2	
外观2	
精细3	
外观3	
保障3	
外观3	
外观3	
服务专业性3	
精细2	
保障3	
精细3	
精细3	
外部3	
精细3	
外观3	
精细3	
保障3	
舒适3	
外观3	
外观3	
精细3	
保障3	
外观3	
保障3	
外观3	
保障3	
外观3	
精细3	
外观3	
外观3	
牌证1	
舒适3	
外观3	
精细3	
外观3	
外观3	
外观3	
保障3	
外部3	
保障1	
保障1	
外观1	
外部1	
服务专业性2	
舒适2	
精细3	
外观3	
外观3	
舒适1	
外部3	
信息安全性1	
精细1	
外部2	
服务专业性2	
服务专业性3	
服务专业性3	
舒适3	
舒适3	
舒适2	
外观2	
保障2	
精细3	
精细3	
服务专业性3	
精细3	
外部3	
精细2	
外观3	
舒适3	
精细3	
外观3	
耐久1	
服务专业性3	
沟通有效性3	
保障3	
精细3	
精细3	
外部1	
沟通有效性1	
精细3	
精细3	
外部3	
精细3	
外观3	
精细3	
舒适3	
响应及时性3	
外观2	
外观3	
精细3	
沟通有效性3	
保障3	
精细1	
精细1	
外观1	
外观3	
外部3	
服务专业性3	
保障3	
精细3	
精细3	
响应及时性3	
保障3	
精细3	
保障3	
外观3	
服务专业性3	
保障2	
外观1	
外观3	
外观3	
服务专业性3	
外观3	
外部3	
外部2	
外观3	
精细1	
外观3	
保障3	
舒适3	
舒适3	
精细3	
舒适2	
保障3	
外部3	
外部3	
精细3	
精细3	
舒适2	
响应及时性3	
服务专业性3	
服务专业性3	
服务专业性3	
外观3	
外观3	
耐久3	
保障3	
外部3	
舒适2	
保障1	
舒适1	
精细1	
舒适2	
外部1	
外观3	
舒适3	
舒适3	
外观3	
精细1	
精细3	
外观3	
外部3	
精细3	
保障3	
外观3	
服务专业性3	
外观3	
精细3	
保障3	
耐久1	
精细3	
外部3	
外部3	
服务专业性3	
精细3	
精细1	
补偿合理性1	
外部3	
外部3	
外观3	
精细3	
外观3	
外部3	
外部3	
精细3	
精细3	
外观3	
保障3	
外部3	
服务专业性3	
保障3	
保障2	
沟通有效性3	
服务专业性3	
精细3	
外观3	
外观3	
精细3	
外观3	
精细3	
外观3	
外观3	
外观3	
精细3	
保障1	
舒适3	
外观3	
舒适3	
保障1	
保障2	
服务专业性2	
保障3	
精细3	
保障3	
精细3	
外观3	
精细1	
保障3	
舒适3	
响应及时性3	
响应及时性3	
精细3	
保障3	
精细3	
外观3	
响应及时性3	
外部3	
精细3	
外部3	
外部3	
服务专业性3	
耐久1	
耐久1	
保障3	
精细3	
舒适3	
沟通有效性3	
外观3	
精细3	
外观3	
舒适2	
保障1	
精细3	
外观3	
保障3	
精细3	
精细3	
外观3	
保障1	
服务专业性1	
补偿合理性1	
舒适3	
保障3	
保障1	
精细1	
外观3	
外观3	
外观3	
外观3	
外部3	
舒适3	
精细3	
保障3	
外观3	
响应及时性1	
精细1	
服务专业性3	
外部3	
外观3	
保障2	
服务专业性1	
舒适3	
外观3	
服务专业性3	
精细3	
外观3	
外观3	
外部2	
保障3	
舒适3	
外部3	
沟通有效性3	
外部3	
外部3	
沟通有效性3	
舒适2	
舒适2	
精细3	
外部3	
服务专业性3	
服务专业性3	
保障1	
外观3	
精细3	
沟通有效性3	
精细3	
精细3	
服务专业性3	
服务专业性3	
外观3	
外观3	
精细3	
保障3	
外观3	
舒适3	
外部3	
外部3	
服务专业性3	
沟通有效性2	
精细3	
保障3	
精细3	
外部3	
保障1	
精细3	
服务专业性3	
服务专业性3	
精细1	
舒适3	
舒适3	
外观3	
外部2	
外部1	
耐久1	
服务专业性3	
外观3	
保障3	
外部2	
保障3	
外观2	
服务专业性3	
精细3	
响应及时性3	
补偿合理性1	
舒适2	
保障3	
外观2	
外观3	
精细3	
外观3	
保障3	
外观3	
精细1	
精细1	
耐久1	
保障3	
外观3	
精细2	
舒适3	
外观3	
保障3	
舒适3	
舒适3	
舒适3	
服务专业性3	
舒适3	
外观3	
外部2	
耐久1	
外观3	
舒适3	
精细3	
外观2	
外观3	
外观3	
舒适2	
舒适1	
服务专业性1	
服务专业性1	
沟通有效性1	
精细3	
保障3	
保障3	
外观3	
外部2	
保障3	
外部3	
服务专业性3	
精细3	
精细3	
精细3	
精细3	
服务专业性3	
响应及时性3	
外观3	
外部1	
外部3	
外部3	
舒适3	
响应及时性3	
服务专业性1	
外部3	
沟通有效性3	
外部2	
保障1	
舒适3	
保障3	
保障3	
保障3	
外部3	
舒适3	
外部3	
补偿合理性3	
精细1	
耐久1	
舒适3	
精细3	
牌证1	
舒适3	
外观3	
精细2	
外观3	
精细3	
保障3	
舒适3	
外观3	
外观3	
外观3	
外观3	
精细1	
外部2	
外部3	
响应及时性3	
精细2	
精细1	
精细3	
服务专业性3	
服务专业性3	
外部3	
精细3	
外部1	
外观1	
外部3	
舒适3	
沟通有效性3	
精细3	
沟通有效性3	
外部2	
补偿合理性1	
服务专业性1	
补偿合理性1	
保障3	
外观3	
精细3	
外部2	
保障3	
精细3	
舒适3	
精细3	
保障3	
精细3	
精细3	
服务专业性1	
服务专业性3	
服务专业性3	
外部3	
精细2	
外部3	
外部3	
舒适2	
舒适2	
精细3	
精细3	
外观3	
外观3	
舒适3	
精细3	
保障3	
外观3	
外观3	
保障3	
外观1	
舒适1	
服务专业性2	
精细3	
精细3	
外部3	
外部3	
外观3	
舒适3	
保障3	
外部3	
外观3	
外观3	
精细3	
精细3	
舒适3	
精细3	
外部3	
沟通有效性2	
服务专业性1	
外部1	
外部1	
沟通有效性3	
精细3	
外部3	
保障3	
外观3	
舒适3	
精细3	
外部2	
舒适3	
舒适3	
外观3	
精细3	
保障3	
精细1	
保障1	
外观1	
外观3	
精细3	
精细2	
外部2	
外部2	
外观3	
保障3	
外观3	
精细3	
外部3	
沟通有效性3	
服务专业性3	
外部3	
外部3	
外部3	
外观3	
精细3	
响应及时性2	
外部2	
保障3	
保障3	
外观3	
舒适3	
外部2	
外部3	
外观3	
精细3	
外观3	
舒适2	
外部3	
保障3	
外部3	
外部3	
外部3	
外部3	
精细3	
舒适3	
外观3	
精细3	
精细3	
外部3	
舒适3	
舒适2	
精细1	
外观3	
外观3	
精细3	
舒适3	
保障3	
舒适1	
舒适3	
外观3	
精细3	
服务专业性3	
精细2	
沟通有效性3	
外观1	
舒适2	
服务专业性3	
舒适2	
精细3	
精细3	
外观3	
精细3	
外观3	
精细3	
外观3	
精细3	
精细3	
精细3	
精细2	
服务专业性2	
精细2	
外观3	
外观3	
精细3	
外部3	
外部3	
服务专业性3	
沟通有效性3	
服务专业性3	
精细3	
保障3	
精细3	
外部3	
服务专业性3	
外观2	
精细3	
服务专业性3	
保障3	
舒适3	
舒适3	
精细3	
外部3	
外部1	
外部2	
外部3	
舒适3	
舒适3	
补偿合理性3	
保障3	
保障3	
保障1	
外观3	
服务专业性3	
服务专业性3	
外部3	
服务专业性3	
外部3	
舒适3	
外部3	
服务专业性3	
服务专业性3	
精细3	
沟通有效性1	
保障3	
舒适3	
精细3	
精细3	
沟通有效性3	
精细3	
舒适1	
服务专业性1	
外观3	
精细3	
精细3	
外观3	
外部3	
保障3	
外观3	
外观3	
精细3	
精细1	
精细1	
服务专业性1	
耐久1	
精细3	
服务专业性3	
精细3	
服务专业性3	
外观3	
保障3	
补偿合理性1	
服务专业性3	
保障3	
外部3	
外观3	
外部2	
舒适3	
精细2	
舒适3	
外观3	
服务专业性3	
外观2	
服务专业性3	
沟通有效性3	
保障3	
外观3	
外观3	
补偿合理性1	
精细3	
外观3	
外观3	
外观3	
沟通有效性3	
响应及时性3	
外观3	
舒适3	
保障3	
外部3	
外观3	
补偿合理性1	
外部2	
舒适2	
外观2	
保障3	
舒适3	
保障3	
保障3	
舒适2	
精细3	
舒适3	
外观3	
外观3	
外观3	
保障3	
舒适2	
外部2	
保障2	
舒适2	
精细3	
外观3	
保障3	
保障3	
服务专业性3	
保障3	
保障3	
保障3	
精细3	
保障2	
外观2	
外观1	
外部2	
保障2	
保障2	
外部2	
服务专业性3	
服务专业性3	
舒适3	
保障1	
精细3	
外观3	
外观2	
耐久1	
精细3	
外观3	
保障3	
服务专业性3	
服务专业性3	
服务专业性3	
外观3	
保障3	
外部2	
外观3	
保障3	
精细3	
精细3	
外部3	
精细3	
服务专业性3	
外观3	
精细3	
服务专业性3	
精细1	
外观1	
外观1	
外观1	
精细3	
外观3	
补偿合理性1	
舒适3	
服务专业性3	
外部3	
精细3	
外部2	
保障3	
舒适3	
精细3	
外观3	
外观3	
舒适3	
舒适3	
精细3	
外部3	
精细3	
精细3	
保障3	
舒适3	
舒适3	
精细3	
外观3	
外观3	
沟通有效性3	
保障2	
外观3	
舒适3	
舒适3	
精细3	
外部3	
服务专业性3	
舒适3	
舒适3	
精细1	
精细1	
外部2	
外部2	
外部3	
外部2	
舒适3	
精细3	
精细3	
沟通有效性3	
精细3	
沟通有效性3	
精细2	
舒适3	
舒适2	
外部2	
保障3	
外部3	
外观2	
服务专业性1	
舒适1	
精细2	
精细3	
精细3	
外观3	
保障3	
舒适3	
精细3	
舒适3	
服务专业性3	
外观1	
精细2	
服务专业性2	
服务专业性2	
外部3	
外观3	
精细3	
外部3	
舒适3	
外观3	
外观3	
外观3	
精细3	
舒适2	
外观3	
服务专业性3	
外观2	
精细2	
精细3	
外观3	
外观3	
外观3	
舒适2	
外观3	
保障3	
精细3	
外部3	
精细1	
外部3	
外观3	
外观3	
精细2	
舒适3	
精细3	
保障3	
外观3	
外观3	
外观3	
外部3	
响应及时性3	
外观3	
外观3	
保障3	
外观3	
响应及时性3	
外观3	
服务专业性3	
精细3	
保障3	
外观3	
精细3	
外观3	
外部3	
精细3	
舒适2	
外观2	
舒适2	
舒适1	
外观3	
外观3	
保障3	
外观3	
外观3	
外观3	
精细3	
外观3	
舒适3	
服务专业性3	
舒适2	
外观3	
精细1	
外部3	
舒适3	
精细2	
精细3	
响应及时性3	
服务专业性1	
外部1	
精细3	
服务专业性3	
精细3	
精细3	
保障3	
外观3	
外观1	
外观3	
外部3	
保障3	
外部3	
精细3	
外部3	
外部3	
保障2	
舒适3	
外观3	
外观3	
精细3	
外观3	
外部3	
精细3	
外部3	
外部3	
舒适2	
精细3	
外观3	
外观3	
外观3	
外部1	
外观3	
保障3	
舒适3	
外观3	
保障3	
外部2	
外观2	
外观2	
外观3	
外观3	
外观2	
保障2	
舒适2	
精细2	
精细3	
外部3	
精细3	
外部3	
精细3	
精细3	
精细3	
精细3	
外观3	
舒适3	
外观3	
外部3	
保障3	
外部1	
舒适1	
外观3	
外部1	
舒适2	
精细2	
外观3	
精细3	
服务专业性3	
外观3	
保障3	
舒适3	
精细2	
外部3	
外观3	
舒适1	
精细2	
保障3	
舒适3	
舒适3	
保障3	
保障3	
精细3	
精细3	
外观3	
外部3	
舒适3	
精细1	
外观3	
保障3	
保障3	
外部2	
精细3	
舒适3	
外部3	
舒适2	
外观3	
保障3	
精细3	
保障3	
精细1	
保障1	
舒适2	
外部2	
外观3	
外部3	
服务专业性3	
精细3	
外部3	
外部3	
外部3	
保障3	
保障3	
耐久3	
服务专业性3	
外观3	
外部1	
外部3	
外部3	
服务专业性1	
沟通有效性2	
精细3	
舒适3	
保障3	
外部3	
外部1	
外部2	
精细3	
服务专业性3	
外部3	
外部3	
舒适3	
精细3	
舒适3	
外观3	
外观2	
外部3	
外部3	
精细3	
外部3	
外部3	
外观3	
保障3	
精细3	
精细3	
保障3	
精细3	
精细3	
舒适2	
保障3	
服务专业性3	
保障3	
外部3	
外观3	
外部3	
精细3	
外部1	
沟通有效性3	
响应及时性3	
外部3	
外观3	
精细2	
精细3	
外部3	
精细3	
服务专业性3	
精细3	
舒适3	
外部3	
舒适2	
精细3	
服务专业性3	
精细3	
外部3	
外部3	
服务专业性3	
沟通有效性3	
服务专业性3	
外部3	
外观3	
外观3	
舒适3	
外观3	
保障3	
精细1	
保障3	
外部3	
外部3	
舒适3	
精细3	
保障3	
外部3	
精细1	
精细2	
精细1	
外部2	
外观3	
精细3	
精细3	
外观3	
外观3	
服务专业性1	
服务专业性1	
舒适3	
精细3	
外观3	
服务专业性3	
精细3	
精细3	
精细3	
服务专业性3	
保障1	
精细3	
舒适3	
精细3	
外部1	
外观3	
外观3	
外观3	
外部3	
响应及时性3	
外部3	
响应及时性1	
舒适3	
服务专业性1	
服务专业性1	
精细1	
舒适3	
舒适2	
信息安全性2	
精细3	
精细3	
外观3	
保障3	
保障3	
精细3	
舒适2	
精细2	
外部1	
保障2	
保障1	
舒适3	
保障3	
外部3	
服务专业性3	
外部3	
外部3	
外部3	
外部3	
外部3	
外观1	
外部3	
精细3	
保障1	
外观3	
精细3	
舒适3	
外观3	
外部3	
舒适3	
精细3	
精细3	
精细3	
精细3	
外部3	
外观3	
舒适3	
精细3	
外部3	
保障3	
精细3	
外观2	
外部3	
精细3	
外部3	
保障3	
外观3	
精细3	
外观3	
保障3	
耐久3	
外部3	
精细3	
外观3	
外部3	
外部3	
舒适3	
耐久3	
外部3	
外观3	
外观3	
服务专业性2	
外观1	
外观3	
外观3	
精细3	
服务专业性3	
服务专业性3	
沟通有效性3	
精细3	
外观2	
外部3	
外部2	
响应及时性3	
外观1	
舒适2	
舒适3	
外观3	
外观3	
精细2	
精细3	
舒适3	
外观3	
外部2	
外观3	
外观3	
保障3	
外部1	
精细3	
外部3	
舒适3	
精细3	
精细3	
外观3	
精细3	
保障3	
外部3	
外部3	
外部3	
舒适3	
服务专业性3	
服务专业性3	
外部3	
外部3	
精细1	
舒适3	
保障3	
外观2	
外观2	
外观2	
外部3	
沟通有效性3	
服务专业性3	
精细3	
外观3	
外观3	
外观3	
保障3	
服务专业性3	
保障3	
外部3	
保障3	
舒适3	
外部3	
沟通有效性3	
服务专业性3	
外观3	
外部3	
保障3	
精细3	
外观3	
外观3	
保障3	
舒适3	
精细3	
外部3	
外部3	
外部3	
保障3	
精细3	
舒适3	
服务专业性3	
外部3	
外部3	
外观3	
保障3	
外观3	
精细3	
外部3	
精细3	
精细3	
精细3	
舒适3	
精细3	
精细3	
舒适1	
精细3	
保障3	
精细2	
外观3	
精细3	
外观3	
外部3	
保障3	
外观3	
保障3	
精细3	
精细3	
舒适1	
舒适2	
舒适3	
舒适3	
外观3	
舒适3	
保障3	
服务专业性3	
服务专业性3	
外观3	
外观3	
外观3	
精细3	
外观3	
外部3	
外部3	
精细3	
外部3	
外观3	
服务专业性3	
精细3	
服务专业性3	
外观3	
舒适2	
响应及时性3	
精细3	
沟通有效性3	
精细3	
保障3	
外观3	
外部3	
外部3	
耐久1	
保障3	
外部3	
舒适3	
外观3	
保障3	
服务专业性2	
服务专业性3	
耐久1	
舒适3	
外观3	
保障3	
精细1	
精细1	
服务专业性3	
外部1	
精细2	
外部1	
外部1	
精细2	
精细3	
舒适3	
外观3	
外观3	
外观3	
精细3	
保障3	
外观3	
外观3	
外部3	
外观3	
外部3	
精细3	
精细3	
精细3	
外部3	
外部3	
外部3	
外部3	
服务专业性3	
外观3	
外部3	
保障3	
外观3	
外部3	
舒适2	
精细3	
精细3	
耐久1	
保障3	
外部2	
外部3	
外部3	
保障2	
保障2	
舒适2	
保障3	
保障3	
舒适3	
舒适3	
保障3	
精细3	
外部3	
外部3	
外观3	
沟通有效性2	
外观3	
精细3	
精细3	
保障3	
外部3	
保障3	
服务专业性1	
响应及时性3	
服务专业性3	
服务专业性1	
精细3	
精细3	
保障3	
精细3	
精细3	
响应及时性1	
外部3	
外部3	
保障2	
精细1	
牌证1	
保障1	
外观3	
外部2	
保障3	
舒适3	
精细1	
保障1	
外观3	
精细3	
外部3	
外部3	
舒适3	
外观3	
外部3	
精细3	
精细3	
保障3	
外观3	
外观3	
外观3	
舒适3	
保障3	
外观3	
舒适2	
舒适2	
精细3	
外部3	
精细3	
外观3	
精细3	
外观3	
外观3	
外观3	
外部3	
外观3	
外观3	
保障3	
保障3	
舒适3	
舒适3	
外部3	
精细3	
服务专业性3	
响应及时性3	
精细1	
保障1	
外部1	
外部1	
外部3	
精细1	
服务专业性1	
保障3	
舒适3	
服务专业性3	
外观3	
舒适3	
外观3	
服务专业性3	
外观3	
保障3	
保障3	
外部2	
保障3	
保障3	
沟通有效性3	
外部2	
精细3	
外部3	
外观3	
舒适3	
保障3	
舒适3	
服务专业性1	
服务专业性3	
外观3	
精细3	
保障1	
保障1	
耐久1	
服务专业性3	
外观3	
保障3	
精细3	
外部3	
响应及时性3	
外观2	
保障2	
舒适2	
舒适2	
舒适3	
外观3	
外部2	
耐久1	
外观3	
保障3	
外观3	
外部1	
舒适1	
服务专业性3	
精细3	
沟通有效性3	
外部3	
外观3	
外观3	
服务专业性3	
保障3	
耐久3	
外部3	
外部3	
精细3	
舒适2	
外观3	
外部2	
服务专业性2	
服务专业性3	
沟通有效性3	
服务专业性3	
精细3	
外观3	
精细3	
外观3	
外观1	
外观2	
精细3	
精细3	
保障3	
舒适3	
精细2	
外观3	
保障3	
精细3	
精细3	
精细3	
精细3	
外观3	
精细3	
舒适3	
舒适3	
舒适2	
舒适3	
外观3	
保障3	
外观3	
外观3	
保障1	
耐久3	
精细3	
精细2	
外部3	
保障3	
保障3	
外观3	
外观3	
保障3	
补偿合理性1	
保障1	
外部3	
外部3	
外观1	
精细2	
精细2	
沟通有效性1	
保障3	
耐久2	
舒适3	
舒适3	
外观3	
外观3	
外部3	
舒适2	
精细3	
服务专业性3	
服务专业性3	
