labels,key_words,review
9,个人信息影响,1、泄露个人信息2、电话骚扰影响我的个人生活
35,快递给力,100%全棉，穿的舒服，客服很好，快递给力
31,发货超级快,发货超级快，到货超级快，真的是开启了新世界的大门
23,10天才,10天才收到货
18,太薄了,还可以，就是太薄了
11,客服爱答不理,客服基本机器人  爱搭不理
15,T恤发黄,2件白色T恤发黄
9,窃取个人信息,窃取个人信息，要求销账并赔礼道歉
30,超级保暖,54块买了二件，超值。最主要的是超级保暖，对得起品牌。对得起质量，价值货。
20,17才送到,6.13买的，7.17才送到联系卖家
9,个人电话信息私自泄露,平台私自泄露客户个人电话信息给接单司机
24,尺码合适,T收到啦！质量非常好。实物和卖家图片描述一致。尺码合适。上身效果非常好看。
26,质量非常好,T收到啦！质量非常好。实物和卖家图片描述一致。尺码合适。上身效果非常好看。
30,图片描述一致,T收到啦！质量非常好。实物和卖家图片描述一致。尺码合适。上身效果非常好看。
17,上身效果还可以,T收到啦！质量非常好。实物和卖家图片描述一致。尺码合适。上身效果还可以噢。
25,不褪色衣服洗了,T恤穿了一下很合身，衣服洗了也不褪色，真不错
3,别人穿过这么旧,感觉是别人穿过的，黑色的那件买的标这么旧。
24,手感不错,T恤面料透气，大小合身，颜色非常喜欢，手感也不错，发货速度非常快。
24,大小合身,T恤面料透气，大小合身，颜色非常喜欢，手感也不错，发货速度非常快。
24,面料透气,T恤面料透气，大小合身，颜色非常喜欢，手感也不错，发货速度非常快。
35,发货速度非常快,T恤面料透气，大小合身，颜色非常喜欢，手感也不错，发货速度非常快。
3,布料不好,衣服布料不好
24,面料透气,T恤面料透气，大小合身，颜色还可以吧，手感也不错，发货速度非常快。
24,大小合身,T恤面料透气，大小合身，颜色还可以吧，手感也不错，发货速度非常快。
17,颜色还可以,T恤面料透气，大小合身，颜色还可以吧，手感也不错，发货速度非常快。
3,布料不吸汗,上面说是棉其实布料不吸汗，应该是化纤穿着一点都舒服，只穿了一天两件一起扔掉了。除了快递满意其他都不满意
29,上身效果很好看,T恤衫是全棉的，穿着舒服，做工比较精致，没有多余的线头，上身效果很好看，时尚百搭
26,做工精致,T恤衫是全棉的，穿着舒服，做工比较精致，没有多余的线头，上身效果很好看，时尚百搭
26,做工料子都不错,t恤衫质量很好，有弹性不是特别薄的，做工料子都不错，手感柔软穿着很舒服满意的购物。快递速度昨天下单今天就送到了。
26,质量很好,t恤衫质量很好，有弹性不是特别薄的，做工料子都不错，手感柔软穿着很舒服满意的购物。快递速度昨天下单今天就送到了。
35,快递速度今天就送到了,t恤衫质量很好，有弹性不是特别薄的，做工料子都不错，手感柔软穿着很舒服满意的购物。快递速度昨天下单今天就送到了。
26,不起球,T恤收到了，穿起来很舒服，不起球的面料，京东自营质量一直都给力
3,布料不一样,两件布料不一样！一件很柔软！一件硬梆梆的！
24,穿起来很舒服,T恤收到了，穿起来很舒服，不起球的面料，京东自营质量一直都给力
27,不起球的面料,T恤收到了，穿起来很舒服，不起球的面料，京东自营质量一直都给力
30,京东自营一直都给力,T恤收到了，穿起来很舒服，不起球的面料，京东自营质量一直都给力
29,款式很好看,t恤收到了，质量很好，款式很好看，穿上很舒服。
24,穿上很舒服,t恤收到了，质量很好，款式很好看，穿上很舒服。
26,质量很好,t恤收到了，质量很好，款式很好看，穿上很舒服。
3,布料不好,衣服偏短，布料也不好
0,衣服偏短,衣服偏短，布料也不好
17,舒适：是,是否舒适：是尺码大小：合适材质：较好版型：不错
17,大小：合适,是否舒适：是尺码大小：合适材质：较好版型：不错
17,版型不错,是否舒适：是尺码大小：合适材质：较好版型：不错
3,材料不好,款式版型有严重问题，中国人大多数修长体型，你设计成宽宽肥肥的，设计师难道自己是胖子。我一般不喜欢给差评，确实质量也不行，不够柔软，里面加的绒也不是好的材料。
6,款式版型严重问题,款式版型有严重问题，中国人大多数修长体型，你设计成宽宽肥肥的，设计师难道自己是胖子。我一般不喜欢给差评，确实质量也不行，不够柔软，里面加的绒也不是好的材料。
2,质量也不行,款式版型有严重问题，中国人大多数修长体型，你设计成宽宽肥肥的，设计师难道自己是胖子。我一般不喜欢给差评，确实质量也不行，不够柔软，里面加的绒也不是好的材料。
29,上身效果很好,T恤收到了，质量很好，做工精细，面料柔软舒适，上身效果很好。
24,面料柔软舒适,T恤收到了，质量很好，做工精细，面料柔软舒适，上身效果很好。
26,做工精细,T恤收到了，质量很好，做工精细，面料柔软舒适，上身效果很好。
26,质量很好,T恤收到了，质量很好，做工精细，面料柔软舒适，上身效果很好。
2,做工差,做工差，布兜也没有，布料太薄，袖头简单
6,布兜也没有,做工差，布兜也没有，布料太薄，袖头简单
30,价挺实惠,t恤收到了，做工非常精细，面料是纯棉的，很柔软穿着非常舒服，老公和两个老爸一人一件，价格挺实惠。
3,材料不一样,黑色和灰色的材料都不一样，黑色太垃圾，做工也不行，灰色稍正常一点
26,做工非常精细,t恤收到了，做工非常精细，面料是纯棉的，很柔软穿着非常舒服，老公和两个老爸一人一件，价格也特实惠。
3,材质不好,材质不好
26,质量很好,T恤质量很好，面料柔软舒适，款式简约百搭，穿着好看。
6,厂家能不能监控好,京东以后能不能监控好，这种有质量问题的厂家都能随便进来！！！无语?
3,材质根本没写,什么材质根本没写啊，写着详情见包装？根本找不到是什么材质的，以为是纯棉的才买的，过下水掉了很多**。最起码什么材质得标清楚吧？这样能通过质检？况且不便宜啊！
27,纯棉,t恤质量很好，是纯棉的，尺码也很标准，老公很喜欢
24,尺码也很标准,t恤质量很好，是纯棉的，尺码也很标准，老公很喜欢
26,质量很好,t恤质量很好，是纯棉的，尺码也很标准，老公很喜欢
3,材质垃圾,收缩厉害材质：垃圾，假冒牌
30,正品很好,t恤质量很好是正品
15,泛黄白里,白里泛黄
18,防晒晒黑了,白色的不防晒，还是把手臂晒黑了
1,变大穿一天,穿一天，领口就变大了
17,显得太宽松,白色的显得太宽松，适合胖子身材
2,布料好糙,布料好糙呀！白色的还不是南极人的衣服，什么鬼玩意，**！
17,白色孝衣一样,白色跟孝衣一样
1,变形穿都没穿,买东西从来不评论，但是这两件衣服让我极其的愤怒，粘毛变形！大码一洗变小码穿都没穿，就扔垃圾桶！贴牌产品
15,泛黄一般,白色衣服颜色泛黄，不是纯白，质量一般
3,材质类型,没有口袋，不方便，?材质类型：材质类型：不好 ，太薄
17,颜色白色,白色衣服颜色泛黄，不是纯白，质量一般
20,客服是个小学生,白色衣服质量不怎么样，黑色还可以，客服是个小学生
3,材质太差,材质太差
2,布料好差,布料好差，又说是纯棉？
17,版型不合身,版型：170的穿出180的感觉。不合身
24,穿起舒适尺码大小：小合适,版型：好，是否舒适：穿起舒适尺码大小：小合适 快递很快，服务满意
29,版型：好,版型：好，是否舒适：穿起舒适尺码大小：小合适 快递很快，服务满意
35,快递很快,版型：好，是否舒适：穿起舒适尺码大小：小合适 快递很快，服务满意
3,臭味容易有,衣服洗了容易有臭味
17,版型一般,版型：一般
17,版型有点大,版型：有点大
5,版型差,版型差，不好看
26,质量很好,版型还行，质量很好。棉的。爸爸很喜欢???
17,版型还行,版型还行，质量很好。棉的。爸爸很喜欢???
26,质量很好,版型好，摸起来很舒服，不掉色，没有色差，显瘦，百搭，上身效果好，质量很好。。
6,品牌你好意,尺寸过小，根本没法穿，就是**，挺大的品牌你好意思吗
15,面料还算可以,版型很一般，面料还算可以，反正价格不贵，凑合着穿吧
18,面料还,版型很一般，面料还算可以，反正价格不贵，凑合着穿吧
17,版型很一般,版型很一般，面料还算可以，反正价格不贵，凑合着穿吧
17,版型很一般,版型很一般，适合居家穿。
17,版型奇怪,版型奇怪，宽度有余，长度不足。
9,骚扰电话骚扰频繁,半年后，广告骚扰频繁，尤其这两天骚扰电话很多，
15,面料还行,半袖面料还行，版型漂亮。下水洗了不变形，不掉色，非常好。
3,穿过样是脏的,说实话这衣服质量真的不大好，129买了两件，白色那件有杂物切是脏的，感觉像是穿过样，衣服有味道，保暖效果待体验，不过有些薄了
25,变形洗了不,半袖面料很好，版型漂亮。下水洗了不变形，不掉色，非常好。
6,店卖垃圾,退货还那么麻烦 自己不会处理吗都   醉了对于这种店
26,做工精细,半袖收到啦，质量很好，做工精细，尺码标准，不缩水不起球。
24,尺码标准,半袖收到啦，质量很好，做工精细，尺码标准，不缩水不起球。
26,质量很好,半袖收到啦，质量很好，做工精细，尺码标准，不缩水不起球。
35,服务也好,包装的很好   大小合适的   店家服务也好   好评
30,包装很好,包装的很好   大小合适的   店家服务也好   好评
18,包装还可以,包装还可以
30,包装很给,包装很给力，很好的保护了个人的隐私
33,个人的隐私很好的保护,包装很给力，很好的保护了个人的隐私
33,包装完全看不出来,包装也非常隐蔽完全看不出来
3,穿着不舒服,面料穿着不舒服，有刺痛的感觉。
35,京东快递很给力,宝贝刚刚收到，看起来不错，京东快递很给力，南极人牌子也很有名气，质量应该没的说，网上购物一直喜欢京东购，穿过后在追评！
30,牌子有名气,宝贝刚刚收到，看起来不错，京东快递很给力，南极人牌子也很有名气，质量应该没的说，网上购物一直喜欢京东购，穿过后在追评！
31,发货很快,发货速度很快的我的身高体重：180尺码大小：正好
35,物流相当给力,宝贝很喜欢，物超所值！品牌值得信任，期待下次有新品惊艳上市。物流相当给力，基本都是隔天就到货。包装完好，无破损
26,宝贝很喜欢,宝贝很喜欢，物超所值！品牌值得信任，期待下次有新品惊艳上市。物流相当给力，基本都是隔天就到货。包装完好，无破损
30,品牌值得信任,宝贝很喜欢，物超所值！品牌值得信任，期待下次有新品惊艳上市。物流相当给力，基本都是隔天就到货。包装完好，无破损
30,包装完好,宝贝很喜欢，物超所值！品牌值得信任，期待下次有新品惊艳上市。物流相当给力，基本都是隔天就到货。包装完好，无破损
3,纯棉不是,不是纯棉
26,线头没有,宝贝收到了，试穿了一下，感觉不错，大小合适，没有线头，
30,活动划算,宝贝心仪很久了，趁活动时候买真的太划算了，喜欢的不要犹豫啊
9,保密尴尬死,保密发货？快递盒子一条大缝隙拿到时候给我尴尬死我看好评挺多的就买了没想到是这样，东西你用力就会掉胶
21,保密工作做得还行,保密工作做得还行
11,L码不是一样大,首先，我买的是L码，结果不是一样大。黑是南极人，白的不是，卖的不是一个牌子。以为挂了两个合格证就是南极人？差评，要不是点到星了，我一个心也不送。简直就是**！
8,态度敷衍,备注清晰漏发货，客服解决问题态度敷衍。
21,箱子还算严实,箱子还算严实
9,信息每天给我发短信,本人从没有浏览，了解过该平台，该平台不知道哪里来的我的信息，每天给我发短信骚扰，如没有合理解释本人将投诉银监会
9,个人信息严重怀疑,本人从未在京东买过任何东西  甚至连app都没有  但最近一直有京东快递给我发电话卡  要我带身份证现场给我激活  关键本人没下单  为何会给我发货  严重怀疑个人信息泄露  要求给我解释  处理  毕竟我的收货地址那个号码不是本人的  严重影响他人生活
9,保密做出赔偿,本人刚刚启用的号码，就有陌生人打电话过来，还能准确报出我的姓名，还知道我办理过其他企业的有关业务，但业务预留手机号又不是新办的号码，请中国电信给我一个说法及对我的信息没有做到保密的事做出赔偿！
9,信息泄漏怀疑,本人近期并没有到任何快递，不知道为啥突然给我发让我去取快递，而且那么远，就发一个尾号多少，怀疑信息泄漏！
9,信息很多麻烦,本人近期在多点抽中了一瓶茅台，并支付了货款1499元，去门店领取时被告知信息不符，不可以领取，仔细查看后发现本人名字和姓中间多了一个空格，因绑定了麦德龙会员必须去办卡门店修改，但是麦德龙京顺路店早已关闭，并且路途遥远。因麦德龙工作人员的失误给我造成了很多麻烦，请麦德龙尽快帮我把姓名中间的空格去掉，便...
9,身份证突然收到,本人没有申请过任何联通卡，今天突然收到订单消息并且需要携带身份证开卡。
9,不知情要求销户,本人身份证名下多出来一个联通王卡在   并且办理了联通宽带 不知情的情况下  现在要求销户 ！
9,信息困扰,本人因曾经有过诉讼案件 虽说裁判文书可以公开，可是该app硬是扩大了传播范围，给人带来不必要的困扰， 前段时间在百度搜索自己的名字发现天眼查将自己的名字辛建林显示出来，而将他人的名字进行打码，影响子女和工作，希望停止对本人信息的随意公布，删除转载，隐匿姓名。
9,解冻账户 撤,本人于2021年4月左右因个人问题跟360借款，因急用，后发现利息问题年利率高达35.94%及个人工作问题没有还完这笔钱，但是360暴力催收并且未经允许转让给其他公司，并且冻结我的微信银行卡账户致使我本人没有办法继续工作赚钱偿还 要求解冻账户 撤销征信 延期一年还款
30,口袋可惜没有,比较透气，而且特别软舒适，外观也不错，可惜没有口袋，比较满意的
6,掉价真会赚钱,刚买完就掉价，可真会赚钱
2,布料太差劲,布料太差劲  还不如路边摊买的
3,掉色严重,黑色掉色严重，都没洗几次。
26,做工也可以的,冰冰凉凉，穿上就很舒服，贼啦凉快，做工也可以的，
17,浅青色真难看,冰蓝色就是浅青色了，真难看，我还以为蓝色的呢
6,兜 没有,衣服第一次购买非常好，第二次的质量和第一次的都不一样并且没有兜   码数也一样比第一次要大的太多啦
35,到货速度很快,不错，到货速度很快，穿在身上也比较凉快。
2,布料脱线,布料不好，还脱线，穿了几次就感觉穿不下去了
30,防晒效果也很好,不错，很轻薄，防晒效果也很好
18,不防晒没有用,不防晒 没有用处的？
18,不防晒很热很晒,不防晒的 不要买了 还是很热很晒
18,不防晒,不防晒的不防晒饿不防徘徊
5,色差不能再差,不光有色差 ，打开包装之后还有污渍，这种体验简直不能再差了
2,布料真的不好,布料真的不好，不建议购买，一分价钱一分货吧
2,材质布料差,材质：布料差尺码大小：尺寸大小不合适，太宽松了，特别是袖子，，
0,尺寸大小不合适,材质：布料差尺码大小：尺寸大小不合适，太宽松了，特别是袖子，，
2,拆开都是毛,刚拆开都是毛，洗了两次还是这样
2,产品劣质,京东六年第一次评价，不为什么，只为吐槽如此劣质产品，也能在京东销售，衣服严重缩水，黑色洗过一次，直接袖口缩水5公分，白色袖口开线。我只是想问下，这个衣服是一次性的吗？不能洗的？谁买谁**！
13,变形厉害,不好穿，没啥弹性，而且变形的厉害
2,产品质量非常非常差,产品质量非常非常差，申请了退货商家不处理，非常非常糟糕
7,客服联系不上,不合适，退换说换个颜色一直联系不上客服，没人理解决问题
13,缩水不会,穿过了，不会缩水的
11,被签收没收到,衣服都没收到就被签收，还不知道谁签收的，找客服也没什么用，都不管，下次不会用这个软件了
6,防晒效果可以,商品质量一般，防晒效果可以。
4,三无产品垃圾,特别垃圾，简直就是三无产品
2,产品质量太差,产品质量太差，刚买过来就开线，退还补同意，要我补差价自己找地方锋一下！在京东不是自营的也别买了，太差劲了
7,客服回复慢的要,不建议购买。首先包装，一个品牌竟然直接给我装到快递袋里面，最起码的外包装都没有吗？？？；其次没有商标，谁知道是不是南极人；客服回复慢的要死。再者线头满天飞。极不愉快的一次购物。
2,尺码十块钱,尺码大小：做的跟十块钱一样似得
18,便宜是真的,不是很好感觉很旧不过便宜是真的
5,很旧不是很好,不是很好感觉很旧不过便宜是真的
15,棉的不是,不是棉的，舒适感一般，不贴身，布做的
2,抽丝起球,没诚信的店家，等了半个月才收到货！衣服很容易抽丝起球，谨慎购买！
4,是挂牌不要购买,不是南极人的牌子，是挂牌，建议不要购买，衣服没有型
5,衣服没有型,不是南极人的牌子，是挂牌，建议不要购买，衣服没有型
0,尺码标太硬,不是说要求高，而是实实在在评价，首先面料一般，设计师有很大毛病，设计太宽，是给胖子设计衣服吗？宽宽短短的，穿着都能漏风。里面的尺码标太大太硬，穿着硌人。不建议购买，好评都是因为有好处的。
5,设计太宽,不是说要求高，而是实实在在评价，首先面料一般，设计师有很大毛病，设计太宽，是给胖子设计衣服吗？宽宽短短的，穿着都能漏风。里面的尺码标太大太硬，穿着硌人。不建议购买，好评都是因为有好处的。
35,物流很快,不是特别好，瑕疵还很多，很好，物流很快，东西很给力，性价比很高！
17,特别好看不是,不是特别好看
5,不好看,不太满意，不好看。照片与实物差距大。最多一颗星。
6,挂牌货还不如,感觉吧，还不如我买过的四件一百的。南极人果然是挂牌货
8,客服态度恶劣,不向买家开具发票，客服态度恶劣
5,没型不行,不行，不能买没型
1,变形穿很久,穿很久不变形
2,穿三次破洞,穿三次就破洞。店家不负责。说退五块钱。不会再来了。希望想买的朋友注意了。
2,穿一次破了,穿一次就发现破了
2,穿一天差的很,穿一天就开线了，质量这一点真是差的很
4,商标有商,到手的衣服领口没有商标，
4,南极人卖吊牌,果然是卖吊牌的南极人，这种货色敢卖这么贵，还不如去**买。以后决不可能买南极人了。
4,标签贴牌货,果然是贴牌货，我见过最最最最最最最最最最最最最最最最最最最最最最最最最最最最最最最最最最最最最最最最最最最最最最最最最最最最简单的衣服标签，自己都觉的心虚，很难让人相信！！！
4,吊牌谨慎购买,黑色的那件无吊牌，谨慎购买
4,吊牌很奇怪,质量一般，吊牌也很奇怪，标签没有直接车在衣服上，质量希望会有所改善，厚薄度的话相对是薄的，舒适度要等穿后再来追评，颜色还算耐脏。
4,标，有商,不建议购买。首先包装，一个品牌竟然直接给我装到快递袋里面，最起码的外包装都没有吗？？？；其次没有商标，谁知道是不是南极人；客服回复慢的要死。再者线头满天飞。极不愉快的一次购物。
4,牌子都不一样,两件衣服牌子都不一样，衣服领口超级大。失败。
4,品牌怀疑,衣服质量很差，粘上毛拍都拍不掉。图片与实物也不符。图片有品牌信息，实物没有任何品牌信息。严重让人怀疑是不是正品。。。
4,吊牌直接丢,尺码完全跟描述的不对L码写着165-170，实际到货居然是176的。然后吊牌什么的都只是直接丢袋子里的
4,吊牌,说实话 不带虚假 买了这么多次 第一次见如此差的衣物 包装破 没吊牌不说 衣服还是有污渍 最搞笑的是里面没纸板 用的是红塔山烟盒 搞笑是不
25,变形洗了也不会,下水洗了也不会变形
2,底边崩开,穿几天时间，底边崩开了。
25,变形洗过不,衣服穿过了，也洗过了，洗过不变形
25,变皱洗过不,衣服洗过了不变皱。
25,缩水洗过不,店铺的裤子洗过了，不缩水
25,变皱洗了很多次都不会,衣服洗了洗了很多次都不会变皱
25,变形洗了很多次都不会,衣服不会变形的
25,缩水洗了很多次都不会,衣服洗了很多次都不会缩水
25,缩水布料好，洗多次不,布料好，洗多次不缩水。还京东自营。丢
2,掉毛差评,掉毛差评，居然还是第二次买这个，之前上过当都忘了
2,掉毛太差,黑色掉毛严重，太差。
2,掉色还掉毛变形。不得不说，黑色太垃圾了,黑色洗完不仅掉色还掉毛，洗完基本就变形了。白色虽然不掉色，感觉洗完也轻微变形。不得不说，黑色太垃圾了，洗完就扔了。
2,洞洞洞洞,大家看清楚这是什么质量，收到货到处是没有缝合好的洞洞，找客服，他们就直接推托给京东！他们概不负责？！收了钱，啥都不管了，且不说质量有多差，就这点诚信和服务建议大家慎重购买！
15,布料一般吧,布料一般吧，同样是2XL，这两件比我其他的衣服都大，勉勉强强
15,布料一般般,布料一般般，还没穿，就看到有点起球，毕竟一分钱一分货吧，总的来说还算可以
2,刚穿了一次坏了,刚穿了一次，发现坏了，说是补偿我3元，不要了，也不用补偿了
13,布料较好,布料质量较好！
2,还没穿呢烂的,还没穿呢，到手就是烂的，洗了才发现?
2,还没穿线就开了,还没穿线就开了
2,京东自营垃圾,京东自营也这么垃圾了，质量跟一二十的差不多，买来洗一下领口都变形了，黑色的掉色，不建议购买
0,尺寸大小不合适,材质：布料差尺码大小：尺寸大小不合适，太宽松了，特别是袖子，，
15,材质有点一般,材质：材质觉得有点一般，穿起来有点效果一般。
17,效果一般,材质：材质觉得有点一般，穿起来有点效果一般。
3,都是穿过的,两件都是穿过的
1,变形穿一次,穿一次，衣服领就变形了，果然是便宜没好货
3,换了一是脏的,换了一次仍然是脏的
6,广告真差劲,真差劲，没有广告说的那么好
15,材质纯棉,材质：纯棉，首次穿感觉还可以版型：洗过后缩水蛮严重的
13,缩水蛮严重,材质：纯棉，首次穿感觉还可以版型：洗过后缩水蛮严重的
17,以版觉还可,材质：纯棉，首次穿感觉还可以版型：洗过后缩水蛮严重的
3,灰尘差评,衣服到了，但是白色衣服上面很多灰尘，拍不掉的那种，而且衣服也很多折痕，不清楚衣服是不是别人推掉的还是在发货的时候掉地上了，很好的差评
6,灰尘垃圾堆,刚拆开，这灰尘就像垃圾堆里捡来的
15,材质价格决定材质,材质：价格决定材质
2,就穿一次破了,就穿一次，买来还没几天，就破了，烂
4,贴标商品,黑色中参杂着一些白色，衣服总体感觉就像是十元一件批发部批的贴标商品
29,版型：比较宽松,材质：棉的，贴身好穿版型：比较宽松有防伪标牌，包装很好，值得购买。
27,材质：棉的,材质：棉的，贴身好穿版型：比较宽松有防伪标牌，包装很好，值得购买。
30,包装很好,材质：棉的，贴身好穿版型：比较宽松有防伪标牌，包装很好，值得购买。
6,假冒牌,收缩厉害，假冒牌
3,直接扔，,买好久了，这两天才拿出来，靠，这都啥料啊？一洗一穿，袖口秒变裤腿，直接扔。
13,洗了几次,材质：洗了几次就变长了
15,材质有些脏,材质：衣服有些脏
35,发货速度很快,洗过后比想象的还要差，发货速度很快，凌晨下单，下午就到了，这个要表扬。
13,洗过后还要差,洗过后比想象的还要差，发货速度很快，凌晨下单，下午就到了，这个要表扬。
15,材质还行,材质还行，线头有点多，无语
2,线头多,材质还行，线头有点多，无语
3,面料类太差了,面料类型：太差了
3,料子粗糙,料子有点粗糙，容易吸灰尘和各种小颗粒杂物，不怎么行，下次不买了
35,物流很快,物流很快，大爱！
2,开裂,穿了两次就开裂了！我也没办法.
15,材质面料粗硬,材质面料粗硬
26,做工不错,做工不错，质量非常棒。
2,开线差评,差评，穿了一个下午，衣服开线了
15,材质一般,材质一般，看着款式不好看
3,料子麻布似的,料子跟麻布似的
5,款式不好看,材质一般，看着款式不好看
15,材质一般,材质一般，跟汗水粘在一起。
3,骗人的,一般，哪里是棉的，骗人的
9,电话造成影响,菜鸟裹裹出现大量非本人购买的包裹，并显示已签收，经常接到快递电话，已经对生活造成影响
2,口子太坑了,买的时候没注意看，穿的时候破这么大个口子，这也太坑了吧，自营店的衣服现在质量也这么差吗？
2,拉链有问题,第一次买这个衣服，买回拉链那里就有问题，一次不愉快的购物
6,降价垃圾,真是垃圾，买完就降价
11,才收到货等了半个月,等了半个月才收到货！
8,服务态度真垃圾,这服务态度真垃圾，最后还是我自己找的京东客服要的快递员电话，强烈差评
6,京东差评,人生第一个差评送给京东，谁买谁上当
11,才收到货这么差的,这么多年第一次碰到这么差的，前后共计11天才收到货，而且我自己查客服才知道东西到了，也没提示，也不送货，物流更是差的要命
11,尺码发错,发错尺码，高估了
2,拉丝差评,差评，质量存在问题，拉丝有线头，质量差。
7,联系客服不回复,差评，穿了一个下午，衣服开线了，联系客服很久不回复，离开再进来要重新说明情况，折腾2个小时还没解决。不要了总行吧
1,变形很容易,买了两件。同个码数一件灰色，一件黑色，灰色那件质量好差！衣服很容易变形！
5,看起来好难看,差评，黑色衣服圆领前面线路断了一大截而且衣服有点脏。看起来好难看。便宜没好货，再也不在网上买东西了。
2,毛毛无语了,穿了一上午弄身上一层黑色的毛毛，无语了
2,毛球质量差,会起毛球，质量差
2,没穿差劲,穿都没穿，就成这样了，给客服反映问题两天了没人搭理，真差劲
1,变形严重,材质：一般衣服严重变形脖子位置才穿两次，有对比前面一件是别人家的便宜15块一件质量比这家好建议不要买，会后悔。
4,吊牌挂的,穿的还是蛮舒服的，但你这挂的南极人的品牌卖，除了弄了个吊牌外，衣服上从里到外我没看到任何关于品牌的LOGO，说实话这衣服到底是不是南极人的我表示很怀疑
11,错码,主要是给发错码了
1,差评差评,差评差评，严重严重缩水，商家
4,吊牌垃圾,吊牌就是一根绳子拴着一个袋子。垃圾
4,牌子山寨,一件有logo，另外一件就不知道是什么山寨牌子了！还是京东自营呢！这么欺骗消费者真的行吗？哪来的那么多好评，雇水军的吗？
4,牌子不建议买,衣服质量不好，白色T恤的商标不知道打的什么牌子，不建议买。
28,标牌有防伪,材质：棉的，贴身好穿版型：比较宽松有防伪标牌，包装很好，值得购买。
1,尺寸一水洗,买回来试穿刚刚好，一水洗马上小了两个尺寸，手臂伸展都困难，没法穿了
0,毫无弹性,拆开包装，手感抹布，毫无弹性，没穿拿去洗，晾干后，黑色那件还好，灰色那件衣领已变形（如图）算是废了，店家那么多好评，估计花了不少钱
2,面料廉价,不好，还没穿，洗过一次，起球很严重，面料摸起来廉价得不行，洗过一次穿上身还痒，我就奇了怪了。
2,破的,拆开一看版型一般，几十块的东西讲究一下。洗后发现是破的，草，花钱买件破衣服！！！！
5,版型一般,拆开一看版型一般，几十块的东西讲究一下。洗后发现是破的，草，花钱买件破衣服！！！！
3,面料不理想,面料类型：不理想
2,破的太差了,穿的时候没发现肩膀处是破的，这个质量太差了吧！！！！
18,口袋没有,产品一般，没有口袋，出门放个单据等l小东西都没处放，另外号偏瘦，买大一号可以，
2,破洞比较差,尺码偏大，换货过程非常顺利便捷，产品做工比较差，线条遍布，穿一天袖口就脱线了，没有之前穿的班尼路打底衫质量好，上次买了一盒南极人的袜子，没有一双不是穿着穿着脚底脚指头破洞，大概以后不会再买南极人的衣品了，印象不好。
10,退货商家不处理,产品质量非常非常差，申请了退货商家不处理，非常非常糟糕
2,破了个洞好垃圾啊,拆开来看，破了个洞！立马申请退款，好垃圾啊
10,退还补同意,产品质量太差，刚买过来就开线，退还补同意，要我补差价自己找地方锋一下！在京东不是自营的也别买了，太差劲了
3,面料不推荐,非常差，只值十块钱十块钱的东西，不推荐。面料容易吸尘，版型不好。
3,面料不知是什么面料,两件衣服，一件有印LOGO，一件没印；白色的一件面料还算正常，黑色的一件不知是什么面料，又硬又没弹性，穿上简直有刺感
6,京东低质量,质量不是一般的差，京东以后别自营这些低质量的货了，影响你的形象！尺码也是醉了，平时穿175，这次故意买180当睡衣穿，谁知到货后穿起来比我175的衣服还小，太搞笑了，耍猴呢！给媳妇当睡衣穿吧！
0,尺寸过小,尺寸过小，根本没法穿，就是**，挺大的品牌你好意思吗
6,京东垃圾,面料差，极其容易脱线。如图所示，已经开线。jd给了我补偿，但不代表商品质量就不存在问题了。仍然觉得衣服用不长久。随便鄙视京东卖垃圾雨刷给我，自从装上，一天比一天雨水漏刮严重，才20天，就只能丢掉。京东越来越差了。
0,尺寸偏小,尺寸偏小
0,尺寸偏小,尺寸偏小，换大一号。
23,发错货没有,尺码备注清没有发错货，客服解决问题态度敷衍。
8,客服态度敷衍,尺码备注清没有发错货，客服解决问题态度敷衍。
11,店家,店家说衣服有瑕疵不能发货，而且没有提前跟我沟通
8,态度态度敷衍,尺码备注清晰扔发错货，客服解决问题态度敷衍。
0,尺码不对,尺码不对，穿起来屁股都没了
3,面料粗糙,舒适感差，这面料还粗糙，真的差评。
0,尺码不合适,尺码大小：不合适
0,尺码不正规,尺码大小：不正规&radic;
23,快递较慢,尺码大小：尺寸偏小，质地还行，快递较慢。
0,尺码小太多,尺码大小：尺码比一般的要小太多，面料也一般
2,破损质量差,才买的就有破损，质量差！
15,面料一般,尺码大小：尺码偏小！建议拍大一码！面料一般！透气性一般！
2,起毛差评,差评，起毛的，要求退货啊
0,尺码大了,尺码大小：大了
0,尺码大小不一样,尺码大小：大小不一样
2,起球球垃圾,垃圾南极人，洗过穿，痒死了，起球球一样
2,起球严重,不好，还没穿，洗过一次，起球很严重，面料摸起来廉价得不行，洗过一次穿上身还痒，我就奇了怪了。
2,全部都是线坏掉,买的一天就坏掉而且全部都是线头
23,装货失误,尺码大小：第二次买了，第一次以为是装货的失误，结果这次和上次一样，灰色的尺码不管是肩宽还是衣长，确实比白色的小一个号
2,全是毛不推荐,非常不推荐！！！什么面料，全是毛，洗也洗不掉。用湿手摸，手掌上全是毛！
2,上线松的,买回来 肩膀上线都是松的  还有洞
10,运费加多,尺码大小：根本不符合，买了m码小了，换了l码只大了一点点，相差不大，还加多9块运费，次品。
0,尺码大小：根本不符合,尺码大小：根本不符合，买了m码小了，换了l码只大了一点点，相差不大，还加多9块运费，次品。
2,锁边线都掉了,两件衣服一个尺码的，实际尺寸却不一样，白色的衣袖短些。而且穿了一次，白色这件衣服锁边的线都掉了。
0,尺码大小不一,尺码大小：两件同样是L号穿起来大小不一。黑色的感觉是M号！
0,尺码大很多,尺码大小：两件一样的尺码，白色的穿着就大很多。做工真的是差劲。
2,脱线,第二次穿袖口就脱线了 我服
2,脱线极其容易,面料差，极其容易脱线。如图所示，已经开线。jd给了我补偿，但不代表商品质量就不存在问题了。仍然觉得衣服用不长久。随便鄙视京东卖垃圾雨刷给我，自从装上，一天比一天雨水漏刮严重，才20天，就只能丢掉。京东越来越差了。
0,尺码勿悠人,尺码大小：这不是勿悠人么。。。。标的一样的尺码，实际灰色的小那么多。。。
2,脱线垃圾,垃圾中的垃圾，先不说面料伪劣，质量收到就直接脱线破了一个洞，找客服还说让我自己去补，补偿5块红包，呵呵呵
15,面料挺不错,尺码大小刚合适，面料挺不错的，穿起来也舒服，京东快递就是比其他快递快而且还给送上门，服务很好
35,快递比其他快递快,尺码大小刚合适，面料挺不错的，穿起来也舒服，京东快递就是比其他快递快而且还给送上门，服务很好
26,做工很不错,尺码大小合适 穿上也舒服 做工很不错 没有多余的线头 版型好看 非常喜欢
6,京东自营店坑了,京东自营店越来越坑了，以前换东西都是免费的，这一次不但没有免邮费还比以前慢了好多，我问他说不清楚
6,京东自营垃圾,京东自营也这么垃圾了，质量跟一二十的差不多，买来洗一下领口都变形了，黑色的掉色，不建议购买
6,旧的垃圾,垃圾，旧的别人穿过的
2,污渍认栽,刚收到，打开发现黑色的前后有两个地方有黑色的污渍，光亮处特别明显，，，自己想着洗洗能不能洗下去，客服又说洗了就不能退了，，，自己认栽了，这个衣服卖家发货都不带检查的吗？
3,面料非常差,面料类型：非纯棉面料质感：质感非常差、穿在身上感觉痒的很！
3,面料很不舒服,面料很不舒服，穿在身上有点磕人
3,面料很差,面料质感：很差，尺码大小：偏大试穿效果：不好看，千万不要买
6,控也差了,其实吧，作为一个京东的老顾客实在搞得那么难堪，南极人的也是一个品牌，怎么现在品控也是这么差了。唉:-(衣服还没穿就一洞，官方客服也是摆设，店铺客服就是一个复读机，之后说一句话，一点责任心都没有。民族复兴靠你们末日就要到了。
29,上身效果很好，款式百搭时尚,尺码合适，面料柔软舒适，上身效果很好，款式百搭时尚，做工精细，没有多余的线头。
24,尺码合适，面料柔软舒适,尺码合适，面料柔软舒适，上身效果很好，款式百搭时尚，做工精细，没有多余的线头。
26,线头没有多余,尺码合适，面料柔软舒适，上身效果很好，款式百搭时尚，做工精细，没有多余的线头。
26,做工精细,尺码合适，面料柔软舒适，上身效果很好，款式百搭时尚，做工精细，没有多余的线头。
0,尺码偏大，,尺码偏大，换货过程非常顺利便捷，产品做工比较差，线条遍布，穿一天袖口就脱线了，没有之前穿的班尼路打底衫质量好，上次买了一盒南极人的袜子，没有一双不是穿着穿着脚底脚指头破洞，大概以后不会再买南极人的衣品了，印象不好。
6,口袋不是很理想,这质量不是很理想，连口袋都没有！
3,面料很一般,感觉面料很一般
2,线头,快递比蜗牛的速度还慢，，好多线头，这质量能过关，，
4,吊牌差评,差评吊牌和裤子分离，
0,尺码完全跟描述的不对,尺码完全跟描述的不对L码写着165-170，实际到货居然是176的。然后吊牌什么的都只是直接丢袋子里的
2,线头不愉快,不建议购买。首先包装，一个品牌竟然直接给我装到快递袋里面，最起码的外包装都没有吗？？？；其次没有商标，谁知道是不是南极人；客服回复慢的要死。再者线头满天飞。极不愉快的一次购物。
17,尺码正好,尺码正好，衣服偏胖些，适合外边穿外套用
3,面料摸起来廉价,不好，还没穿，洗过一次，起球很严重，面料摸起来廉价得不行，洗过一次穿上身还痒，我就奇了怪了。
10,解决方案有什么用,穿12天旁边的线就稀了找客服这个推那个的 解决方案补贴8元叫我去补 稀了补的有什么用？
13,变形不会,穿不会变形
4,标牌差评,差评标牌和服装分离，
8,反映问题真差劲,穿都没穿，就成这样了，给客服反映问题两天了没人搭理，真差劲
2,线头出来了,刚买的衣服没穿，线头都出来了，真垃圾。
1,穿一次洗之后不像个样子,衣服容易起皱，穿一次洗之后不像个样子，或许是棉质吧，反正我是不会再买了，难得退了
13,变形不会,穿了会脱水，衣服不会长变形。
1,穿一天变形,太薄了穿一天就变形了
1,第一次不好,第一次洗完就皱了，感觉不好
2,线头到处是,到处都是线头   线一拉就一整条
3,面料手感不好,面料质感：手感不好
3,面料伪劣,垃圾中的垃圾，先不说面料伪劣，质量收到就直接脱线破了一个洞，找客服还说让我自己去补，补偿5块红包，呵呵呵
3,皮质差，,皮质类型：差，感觉10多块钱还差不多上身效果：一般般
2,线头全是,差的要命，全是线头，放那里去了，没法穿
2,袖口破的,第二天发现袖口是破的，可能是没锁好边
18,防晒有效,穿了两水了再来评价的，这款防晒衣穿在衣服上挺舒服的，也能有效防晒，而且衣服也很轻盈，但做工有点儿粗糙，质量估计也不怎么好，同样的价格在别的网站上可能能买三件了。
18,价格别的网站上,穿了两水了再来评价的，这款防晒衣穿在衣服上挺舒服的，也能有效防晒，而且衣服也很轻盈，但做工有点儿粗糙，质量估计也不怎么好，同样的价格在别的网站上可能能买三件了。
18,穿了两天晒红了,穿了两天，把我手都晒红了，再穿几天手都要黑了。
2,袖子,感受到，袖子就跑针了。。。服了。。还找不到售后客服。一直电脑人。材质：一般般。感觉和我20多的背心差不多。
2,衣服发黄,衣服发黄，抹布一样
0,穿起不舒服,穿起不舒服，严重垃圾
0,穿起来不大舒服,穿起来不大舒服，总感觉后背有什么向下拉，便宜真的没什么好东西
10,店家退五块钱,穿三次就破洞。店家不负责。说退五块钱。不会再来了。希望想买的朋友注意了。
2,衣服粘毛,黑色的的不行，非常粘毛，整件衣服都是一点点的毛
30,防晒效果不错,穿上很合身，防晒效果不错
3,手感不是很好,总体来说看着还是不错，但摸上去手感不是很好，感觉有点硬，然后穿上后一旦出汗，那衣服简直就是给汗腥味给了个加成buff，出汗后衣服散发的汗腥味很重，不是一般的重，穿别的材质的T恤出汗后基本没有汗腥味
3,手感不一样,宣传和产品不一致 买的两件一样的 收到货两件手感完全不一样 连顶部logo都不一致 明显一件好一件差
35,物流超快,穿上挺好扽讷讷，大小正合适，是棉质的，而且物流超快，京东物流太给力了，谢谢
1,过了一次了最大码,买了最大码的，过了一次水，衣服就缩了。实在不怎么样！
2,衣服粘毛,买东西从来不评论，但是这两件衣服让我极其的愤怒，粘毛变形！大码一洗变小码穿都没穿，就扔垃圾桶！贴牌产品
1,领口垃圾,真垃圾啊，穿了一次洗了之后领口大的不知道成什么样，还以为南极人质量很好，结果也这么垃圾，喝，tui~
0,穿一天变大了,穿一天，领口就变大了
2,衣服质量垃圾,简直就是糊弄人   衣服质量跟垃圾没啥区别  各种问题   拉链拉不下去。。物流还慢得一塌糊涂。。我真不知道你是来骗人的  还是来开店的
15,质感很明显没有,穿一周，很明显没有质感，仿佛穿几个月一样，但一分钱一分货，不要太过期望
3,货是脏的,收到货，直接是脏的，应该是送货途中弄破损了，客服一直让发照片，前后发了三次，问能不能洗洗，说洗了就不给退，本来天气就热，等那么多天，还是这个个情况，是在等不起了
26,做工很精细，没有多余精细,穿在身上也非常的帅气，面料也很好，做工很精细，没有多余的线头。
2,衣服质量破损,服务态度恶劣 就拿个人工服务电脑在忽悠你，衣服质量也不好 衣服有破损 卖家不处理爱理不理的 太差了
18,价格有些不值,穿着不是很舒服，有些紧，还有些材质过敏吧，这价格有点高了，感觉有些不值，对于我这种微胖来说有些不友善袖子宽松胸围和腰围很紧
18,价格有点高了,穿着不是很舒服，有些紧，还有些材质过敏吧，这价格有点高了，感觉有些不值，对于我这种微胖来说有些不友善袖子宽松胸围和腰围很紧
13,变形水洗会,但是水洗会变形，不是很推荐
0,穿着很难受,穿着很难受，衣服背面有道杠，卡在背上很膈应人。
0,穿着不舒服,穿着身上老不舒服了
3,退色严重,黑色的退色严重，质量不咋的
35,京东购物方便、快捷,穿着舒适，材质柔软，版型很好，京东购物方便、快捷！
3,褪色不好,会褪色不好，
35,京东感谢,穿着舒适，物美价廉，感谢京东商城物流服务
3,褪色严重,衣服严重褪色
35,物流极时,穿着舒适透气，防晒效果好，物流极时，迫不及待的穿上，防风，防雨，又防晒价格实惠超级划算
30,防晒效果好，,穿着舒适透气，防晒效果好，物流极时，迫不及待的穿上，防风，防雨，又防晒价格实惠超级划算
0,穿着不舒服,穿着太热，浑身不舒服！！！慎买
18,穿着一般,穿着一般，就是没有口袋。
26,做工精细,穿着正好，大小刚好合适，做工精细，没有多余线头，面料透气舒服好看，物流很快。
3,褪色再也不来,褪色的厉害，也没有售后，再也不来京东购买衣服了
3,味道浠烂,浠烂的商家，衣服味道大，吊牌都不用吊的，只是装进包装袋里
26,不起球非常好,纯棉的已经穿了很多次了，下过水不缩水，不起球，非常好
26,不缩水非常好,纯棉的已经穿了很多次了，下过水不缩水，不起球，非常好
3,味道一股,一股味道，质量不咋地
26,起球，不,纯棉男士打底衫，很舒服，不起球
17,外观简约大方,纯色的t外观简约大方。上身很百搭。黑色的很显瘦。很满意的一次购物。
9,个人信息望予以解决,此快递是快递点冒用我个人信息去寄出的，并在事后别人才通知我(自己也有承认)，我说追究他的责任，还恐吓我本人，言道:你要搞我，别以为你能好过，我知道你家知道你父母，望予以解决，必将追究到底
0,两个袖口不一样,次品，两个袖口的宽度都不一样。黑色的袖口更肥
9,信息严重影响,从在它店购买卡过后一直收到很多个电话卡以及预约电话卡的信息，已经严重影响本人的正常生活
2,有洞刚买,刚买就有洞了??
18,防晒还是有的,凑合穿吧，感觉透气不是很好，穿了一次，防晒还是有的，穿着钓鱼
18,防晒还是有的,凑合穿吧，感觉透气不是很好，穿了一次，防晒还是有的，穿着钓鱼
0,尺码有问题,打底衣尽然这么宽松，尺码太有问题了
23,快递送到,大家别上当了、快递送到了家门
2,沾毛不理想,刚开包装，看一眼就不理想了，沾毛，白色衣服上那么多黑毛。
8,客服没有缝合,大家看清楚这是什么质量，收到货到处是没有缝合好的洞洞，找客服，他们就直接推托给京东！他们概不负责？！收了钱，啥都不管了，且不说质量有多差，就这点诚信和服务建议大家慎重购买！
10,卖家退不了,大家千万千万不要买这家店的衣服，第一次购买的时候，客服码数不懂，自己产品码数不知道就上岗，其次，我衣服拿到手，然后第一次洗，洗完发现烂了，客服说我洗衣服撕破了，我有必要对新衣服进行撕扯去洗吗？？？然后卖家说退不了，这个一看很明显就是衣服质量问题！！！大家千万别被好评所欺骗！
3,闻上去差评,差评，衣服拆开包装，白衣服上面都是黑点子，衣服闻上去有一股汗臭味，料子也很差，
26,做工精细,大品牌，值得信赖，面料亲肤，做工精细，细节用心，很好
30,大品牌值得信赖,大品牌，值得信赖，面料亲肤，做工精细，细节用心，很好
0,大小大小不一,大小不一，灰色是大号的，是正常的。黑色虽然也是大号的，但是实际上要小很多，感觉像女生的。
35,速度快。,大小合适，挺柔软，也挺单薄的，老公很喜欢，物流速度快。
3,污渍很明显,很明显的污渍 不想说多了
26,做工精良,大小合适，做工精良，出口品质，最满意的一次淘货，很喜欢，下次会再来！快递太慢
1,领口严重变形,刚洗还没穿领口已经严重变形了
4,牌子差评,差评牌子和东西分离，
2,质量不好,不好，质量不好，两件有一件还做工很随意
8,快递态度让人无语,等了半个多月快递，收到的白色衣服有很多污渍，客服的态度就是可以退货，真的让人很无语。
2,质量差的一比,大家不要买！质量差的一比！
1,买回来第一洗变型了,买回来第一洗，圆领就变型了
17,效果还行,第二次购买了，效果还行，一直在用这个牌子的，质量不错，穿着舒服
6,口袋没有,最慢的一次，也是最差的一次，最不满意的一次，，不想说了，衣服连个口袋也没有？
23,客服太不有心了,第二次买了。穿着还可以，本来让客服给我发一长一短，想试试他们的长的穿着怎么样，结果还是给我发了两个短的，价格都一样，客服也太不有心了，
15,脱色有点,第二次洗的时候脱色了，有点变黄
8,商家,第一：商家不解决问题，永远在拖拉，不作为，对于客户提出的问题打马虎眼。第二：配送到我的所在地后不第一时间与我联系，也不通知我。我打的圆通客服才找到配送电话，配送员态度也比较恶略。
2,质量也不好,差差差太差了，和图片不一样，质量也不好
2,质量这么差,简直就是垃圾  虽然便宜 但至于质量这么差吗？ 洗完第二天胳膊上线头开了  人否？
23,快递丢件,第一次快递直接丢件，客服一直没人回复处理。
11,订单只收到两件,我下了两个订单，因为是两件装，实际应该是四件，结果实际我只收到两件！！！然后联系客服，联系了几天，她最后跟我说发了四件，我真的服了，京东现在是越来越不把消费者当回事了，真的气愤，明明是他们的问题，到最后却要我买买单，客服永远解决不了问题，钱真的不多，只有100，但真的让人几天的心情都不好了，最后说补偿我20消费券，我要的是消费券吗，我要的是我的衣服！！！！！！
19,客服没人回复处理,第一次快递直接丢件，客服一直没人回复处理。
30,防晒效果也很好,第一次买这款防晒衣，穿了好几天来评的，质量确认挺好的，防晒效果也很好
11,为什么发码,要3XL，为什么发4XL码的。
0,一件真是无语,第一次收到货，一件长一件小。换货之后直接由长袖变成了短袖，真是无语。店家能不能走点心？？？浪费我时间！
1,难看，很,穿了两次，洗了一次，领子已经松懈，很难看，太差了
1,松懈,穿了两次，洗了一次，领子已经松懈，很难看，太差了
20,服务态一般,店家服务态度一般，所购物品没预想中好，所以差评，再也不买了！
11,发错,与商家联系好数量和各衣服尺码，依然发错。客服解决问题态度敷衍。
7,店家,店家说衣服有瑕疵不能发货，而且没有提前跟我沟通。让我足足等了一个星期，还有快递还给我发个这么个东西过来，我实在是忍不了。
11,发错货,很好，这么长时间第一次碰到交智商税的购物。且不说是不是有心发错货，就这解决问题的态度，简直满分。真是特喵的太好了，建议大家多下单哈。
0,尺码不合适,店家推荐的尺码不合适，颜色不一样质量太差，发货速度5天才到我建议大家考虑清楚。衣服料子非常差，差劲 差评 差评 差评 差评????????????????????
11,发错货清晰,尺码备注清晰扔发错货，客服解决问题态度敷衍。
8,态度很差,店铺可以倒闭了，发货服务态度很差、物流超级慢，时间要半个月
4,牌证差评,差评牌证和衣服分离，
4,标签差评,差评标签和服饰分离，
4,品牌都没有,什么品牌都没有，10块钱的衣服，质量垃圾：
4,标签这么硬,衣服标签搞这么硬能省几毛钱
2,做工不行,掉线 做工不行
2,做工随意,不好，质量不好，两件有一件还做工很随意
30,优惠放心,东西不错，还有优惠，可以放心省钱购买，不要犹豫了很精致，质量非常好，很满意的一次购物。谢谢店家！发货超级快，到货超级快，包装很精致，真的是开启了新世界的大门
30,包装很精致,东西不错，还有优惠，可以放心省钱购买，不要犹豫了很精致，质量非常好，很满意的一次购物。谢谢店家！发货超级快，到货超级快，包装很精致，真的是开启了新世界的大门
31,发货很快,防晒服质量不错，做工也挺好的，而且尺码合适，爸爸比较胖，这个很合适，发货很快，全五分。
24,尺码合适,防晒服质量不错，做工也挺好的，而且尺码合适，爸爸比较胖，这个很合适，发货很快，全五分。
15,手感很有,东西不错，很厚很有手感～～还会继续支持
23,发那去了不知道,东西都没收到，货都不知道发那去了
8,客服垃圾,东西好不好不评价 客服是真的垃圾 十分的垃圾
3,污渍如此差,说实话 不带虚假 买了这么多次 第一次见如此差的衣物 包装破 没吊牌不说 衣服还是有污渍 最搞笑的是里面没纸板 用的是红塔山烟盒 搞笑是不
11,发的什么,我买的黑加灰这发的什么
7,客服未回复消息,东西未收到就显示签收，而且没有发去拿东西的短信与电话，现在东西在哪都不知道，最后找客服，客服一直未回消息，从未见过这么烂的售后与客服，两天未回复消息！
3,洗了掉色,黑的洗了掉色
8,客服应付,东西一般，这个价钱也不期望什么。关键是发货太慢，后买的东西都到货了，他家还在出库，联系客服，各种应付，光说在催催催。总体评价差！
7,发货太慢,东西一般，这个价钱也不期望什么。关键是发货太慢，后买的东西都到货了，他家还在出库，联系客服，各种应付，光说在催催催。总体评价差！
5,东西与图片不一样,东西与图片不一样，差别很大。不理想，感觉自己上当受骗
3,衣服很脏,收到的新衣服，很脏。失望
23,快递速度超慢,东西值不值钱不说，客服服务只是敷衍了事，快递速度超慢，换货更是慢到无语，极差
23,客服服务敷衍了事,东西值不值钱不说，客服服务只是敷衍了事，快递速度超慢，换货更是慢到无语，极差
1,缩水,洗完缩水了，而且穿着硌得慌。
6,口兜都没有,连口兜都没有，后悔的一次购物
3,一揉就退色,黑色的回来拿水一揉就开始退色，没想到这种大牌子的衣服也会这样
9,信息引起不适,对个人信息外泄露，影响个人生活，引起不适
17,版型太宽松,对我来说，版型太宽松
11,发货不检查,发货前不检查一下吗 破个口子 东西不贵也值不当的退换
8,店家不积极,对这个店家无语了，我没收到货就显示已送达就算了，处理问题一点不积极，发个消息回复的永远是那老三句。
6,冒牌货,有图有真相：只有一件符合商家所展示，另一件则是冒牌货。望请商家认真对待。两件上衣面料质感明显不一。
13,缩水多洗三四轮,多洗三四轮衣服会缩水。
11,发货不看规格,发货不看规格的吗？我买的XL，给我发L，怎么想让我返老还童吗？
11,发货速度才到,店家推荐的尺码不合适，颜色不一样质量太差，发货速度5天才到我建议大家考虑清楚。衣服料子非常差，差劲 差评 差评 差评 差评????????????????????
7,都不处理,发错型号了，中午到晚上11点半都不处理
23,尺码发错,发个衣服都能把尺码发错，管理费也太不严格了吧，地区受限收个货好麻烦噢，
11,发货晰漏,备注清晰漏发货，客服解决问题态度敷衍。
1,缩水比较厉害,缩水比较厉害，吸汗太阳晒会发红。
7,发货不及时,发货不及时，不勾通，不推荐
9,信息侵犯,发货地在广西，收货地在山东。侵犯他人信息
21,箱子比较严实,发货的箱子比较严实，没有隐私泄露。
21,隐私泄露没有,发货的没有隐私泄露。
31,发货快，,发货快，包装严实，商品质量还可以，穿在身上也没有不适感，客服服务态度也特别好，好评
31,发货挺快,刚收到，尺码大小合适，面科质感很好，商家发货挺快，不错???
24,尺码大小合适,刚收到，尺码大小合适，面科质感很好，商家发货挺快，不错???
33,包装严实,发货快，包装严实，商品质量还可以，穿在身上也没有不适感，客服服务态度也特别好，好评
23,发货速度超级慢,发货速度超级慢，拍了两天才发货，物流三天才到，总共五天才收到。颠覆了我对京东发货速度的认知。
31,发货也快,宝贝很好，一直回购的，很好，值得推荐购买，物流发货速度也快，买完使用了好多天再来评价的，物美价廉，想买的小伙伴可以下手啦。
7,发货速度慢,发货速度慢拒收退回处理慢
0,型号完全穿不了,发了两件型号不一样的 小的那一件完全穿不了 客服不给换 让我送人 厉害了?。
26,做工非常好,防晒服收到了。破不急待地试一下，大小尺寸相当合适，做工也非常好，没发现有线头之类的东西，必须好评。
15,面料一般,防晒服一般.面料也一般。商品的彩页做的养眼
26,做工挺好的,防晒服质量不错，做工也挺好的，而且尺码合适，爸爸比较胖，这个很合适，发货很快，全五分。
24,尺码合适,防晒服质量不错，做工也挺好的，而且尺码合适，爸爸比较胖，这个很合适，发货很快，全五分。
31,发货也快,宝贝很好，一直回购的，很好，值得推荐购买，物流发货速度也快，买完使用了好多天再来评价的，物美价廉，想买的小伙伴可以下手啦。
30,防晒效果不错,防晒效果不错，非常适合夏天喜欢户外活动的人，钓鱼什么的再合适不过了
30,防晒效果非常好,防晒效果非常好，也透气，不是很热。
6,冒牌垃圾,两件质量不一样，一看就是冒牌的水货衣服，垃圾
18,防晒效果还行,防晒效果还行，就觉得没有啥效果一样
30,防晒效果可以的,防晒效果可以的，天天外出的人很适合购买
30,包装很好,防晒衣服今天收到，包装很好，没有破坏，一次买了两件，打开看了，做工一般，这个价钱可以，好评。
26,做工也不错,防晒衣还可以，布料和做工也不错，大小合适价格便宜很好。
6,冒伪劣产品,这是假冒伪劣产品。在袖子中段，居然还有这么长一段没缝上的。想买的慎重了。
6,没用投诉,这个商家是**，吃人不吐骨头。真的无法吐槽。快递又慢，买了他们家的东西一个月都没到，找他家的人工服务还**都是机械式回复。都是那几句。说话也不算数～还是挂羊头卖狗肉。他家的地址电话啥都查不到，找京东投诉都没用。最后硬生生的托到我的货到了。这样的商家还存活在京东，这是收了多少红包啊。
18,防晒效果没有,防晒衣没有防晒效果  穿上倒是挺凉快
1,缩水不能穿了,洗了一遍就缩水小得不能穿了
18,防晒效果没有,防晒衣没有防晒效果穿上倒是挺凉快
3,衣服比较脏,衣服上面比较脏，配送还丢货了。
30,很满意的,防晒衣拿到了，很薄，很满意的哦，夏天外出防蚊防蚊虫叮咬。
6,那件穿过的,黑色的那件明显是穿过的，表面有很多灰.难得退了。
30,非常不错,非常不错的防晒衣  透气凉快要是有兜就更好了
0,不透气,非常不透气，想买那种透气棉质的，这种材质像那种一次性雨衣，闷死人，直接扔掉了，一件几块钱的货，太烂了
1,缩水不能穿了,质量太差，洗了一次缩水的不能穿了，垃圾货！
1,缩水差评,洗一次缩水了，差评
0,衣服非常差,非常差的衣服
10,退货一直没有取货,这个衣服首先我是退货了的，直到今天查帐单才知道快递员一直没有取货，却把这衣服的钱扣了，现在京东用的都是些，是不是店大欺客了？
30,品牌值得信赖,非常值得信赖的品牌，质量有保障，价格还亲民，相当的满意！！！
0,弹性肥大,肥大，一点弹性没有，建议别买
3,衣服都是灰,衣服上都是灰
11,服务不行,差评！！商家服务不行，我买的衣服没收到，问商家要快递员电话，因为我这边看不到快递员电话，3天了，商家到现在都没回我消息，鸟都不带鸟我的，这服务态度真垃圾，最后还是我自己找的京东客服要的快递员电话，强烈差评
11,服务还可以,十二天就收到了服务还可以
8,服务态度恶劣,服务态度恶劣 就拿个人工服务电脑在忽悠你，衣服质量也不好 衣服有破损 卖家不处理爱理不理的 太差了
1,缩水超级厉害,洗了两次缩水超级厉害，现在已经小的不能穿了，郁闷，
7,卖家爱理不理,服务态度恶劣 就拿个人工服务电脑在忽悠你，衣服质量也不好 衣服有破损 卖家不处理爱理不理的 太差了
9,身份证无法注销该账号,该平台利用手系统获取个人通讯录以及身份证手机短信等信息，且无法注销该账号
6,南极人根本就不是,质量差，不建议购买，根本就不是南极人，还不如地摊上十块钱一件的好，垃圾玩意
3,衣服全是土,衣服全是土  黑色的半袖最明显
35,物流速度很快,感觉不错?物流速度很快，不知道穿在身上感觉好不好，黑色的太脏了
8,电脑人找不到,感受到，袖子就跑针了。。。服了。。还找不到售后客服。一直电脑人。材质：一般般。感觉和我20多的背心差不多。
6,南极人黑名单,差劲的一皮，花89买了个20的质量！不出意外，南极人上了我的黑名单
10,补偿不要了,刚穿了一次，发现坏了，说是补偿我3元，不要了，也不用补偿了
1,缩水穿不了,质量太差白色和黑色买的时候就长短不一样，现在洗了一下缩水都穿不了，一次性用品
1,缩水凑乎,白色体桖机洗缩水，黑色凑乎
1,缩水太严重,一般般，黑色容易吸毛，缩水太严重。
1,缩水太严重,只能给一分了，其它都挺好，但是缩水太严重，第一次没洗穿正好，洗了之后直接凉凉，缩小了一码都不止，衣服已经丢了，还是两件；
1,缩水太严重了,买来后试穿一下刚好，穿了一次，洗完之后直接到肚脐，这是漏肚皮的衣服么，缩水也太严重了
6,南极人怀疑,这件衣服到底是不是南极人的防晒衣，我表示怀疑？第三张图片的英文意思好像跟南极人没有关系。
3,衣服上有脏的,什么意思啊？衣服上面有脏
3,衣服污渍,等了半个多月快递，收到的白色衣服有很多污渍，客服的态度就是可以退货，真的让人很无语。
31,客服有问必答,试了下 衣服很合身 价格合适 物流速度快  客服有问必答   很不错的一家店 下次还会推荐朋友过来买
23,店家说管不了,刚收到货发现短袖黑的小，白的大，而且白的衣服和黑的南极人标志不一样，问了客服说批次不一样，当时也就忍了。要求把黑色的换了，客服也同意。不一会京东客服电话了解情况，说明后给予还衣服。换过后京东不收件说衣服黑色白色大小不一样，标志也不一样，我发截图给他们，他们要我联系店家，联系后店家说管不了。我也是醉了，京东自己卖的衣服自己不知道什么样子了么，即是自营店连自己衣服都不知道是什么牌子么
20,店家醉了,刚收到货发现短袖黑的小，白的大，而且白的衣服和黑的南极人标志不一样，问了客服说批次不一样，当时也就忍了。要求把黑色的换了，客服也同意。不一会京东客服电话了解情况，说明后给予还衣服。换过后京东不收件说衣服黑色白色大小不一样，标志也不一样，我发截图给他们，他们要我联系店家，联系后店家说管不了。我也是醉了，京东自己卖的衣服自己不知道什么样子了么，即是自营店连自己衣服都不知道是什么牌子么
0,到货没有白的舒服,刚收到货同一个码黑白不一样大，衣服材质摸起来也不一样，黑的应该不是纯棉的，穿起来没有白的舒服，黑色洗的时候褪色，深色衣服应该都避免不了，穿了一个月白色的领口和下摆口变得又皱又大，超难看，衣长也变长了，感觉大了一个码，使用体验极差。
5,超难看,刚收到货同一个码黑白不一样大，衣服材质摸起来也不一样，黑的应该不是纯棉的，穿起来没有白的舒服，黑色洗的时候褪色，深色衣服应该都避免不了，穿了一个月白色的领口和下摆口变得又皱又大，超难看，衣长也变长了，感觉大了一个码，使用体验极差。
30,隔晒效果很好,隔晒效果很好，也很凉快。夏天夏天悄悄来临，晒得我还黑，怎么办？怎么办？黑的我怀疑。
17,款式还行吧,给对象买的，南极人一直信赖的老品牌，款式还行吧
30,老品牌一直信赖,给对象买的，南极人一直信赖的老品牌，款式很好看
19,客服四分钟信息,给客服发了四分钟信息，一句话没回，咨询量再大也不至于这样上身效果：我160，买的1xl 感觉很勒没有弹性
19,客服没回,给客服发了四分钟信息，一句话没回，咨询量再大也不至于这样上身效果：我160，买的1xl 感觉很勒没有弹性
26,做工非常精致,给我老公买的衣服，上身效果很好。做工也非常精致。颜色很正，是我喜欢的颜色
29,上身效果很好,给我老公买的衣服，上身效果很好。做工也非常精致。颜色很正，是我喜欢的颜色
6,南极人假的,这两天又买的南极人的鞋子，全是假的。衣服也不行。
1,缩水严重,严重缩水，没法穿
18,价格还算匹配,跟价格还算匹配，但是两件码子明显不一样！
21,隐私泄露没有,发货的箱子还挺严实，没有隐私泄露。
21,箱子还挺严实,发货的箱子还挺严实，没有隐私泄露。
21,包装有点破损,包装有点破损但是问题不大
21,信息安全还行,这里的信息安全性还行
21,信息保护还可以,商家的信息保护还可以
21,个人隐私应该没问题,我们的个人隐私应该没问题
22,爆线问题轻车熟路,衣服质量看图片   卖家也是处理这种爆线问题轻车熟路   你们自己品！ 果断要12块     比起一分不退  要好些！毕竟我又不是百万富翁！
3,衣服脏的,和我订单上的尺码差别太大，衣服还是脏的！！！垃圾
35,速度顺丰一样,跟顺丰一样的速度。衣服是正品，有保障，比外面实体店卖的便宜许多，我按照网店里面的选的尺寸，买回来到手试穿了，款式很好看，上身效果非常好，很薄，很适合夏天穿着。材料不错，特别喜欢。小伙伴们值得拥有，穿着清爽啦。
30,正品是正品,跟顺丰一样的速度。衣服是正品，有保障，比外面实体店卖的便宜许多，我按照网店里面的选的尺寸，买回来到手试穿了，款式很好看，上身效果非常好，很薄，很适合夏天穿着。材料不错，特别喜欢。小伙伴们值得拥有，穿着清爽啦。
6,南极人就这水平,南极人的车工就这水平吗？难道不需要品检吗？根本没有质量意识。
9,个人信息涉嫌透露,工商银行客服涉嫌透露个人信息罪，暴力催收骚扰，态度恶劣，客服互相包庇罪，打电话骚扰工商客服不管不问，打了说没打
23,速度给力,购买之前首页显示10日18点前送达，包括第二天界面也显示的10日18点前到达，6月7日12点下单，商家第二天6月8日10点发货，发的物流显示11日24点前送达，6月12日14点派送签收，7号12点到12日14点，5天时间，这速度太给力了
11,给我发买的两件,买的两件XL 给我发一个XXL 一个Xl 质量更是差强人意
7,客服没时间理,购物体验极差！几年来在京东购物体验最差的一次！5天快递送到货，以为是衣服到了呢？这个快递速度真让人无语！去拿才知道是双袜子，质量还非常差。随手就给他丢了！然后就想退货，找客服忙的也没时间理！结果退不了。第9天才收到货。真是忍受不了啦！商家难道是驴背马驼送的货吗？你们的快递给客户的体验真的是买一次永远不会再想买第二次！
7,不发货故意,故意不发货，随意发双袜子敷衍人
1,缩水严重,衣服 洗一下  缩水严重    小了2个号  没法穿了
4,吊牌都没,吊牌都没，不知道哪整来的杂牌货。
1,缩水一洗就,买回来好好的，一洗就缩水了，不是很愉快；你们实在要买就买大一码吧
9,个人信息严重怀疑,哈啰顺风车通过未知渠道获得我的个人信息，我未经任何操作居然被注册成为哈啰顺风车车主。严重怀疑平台操作违法违规，要求严查。
18,遮挡阳光建议不要买,还薄，建议不要买白色不会遮挡阳光。
30,南极人值得信赖,还不错 物美价廉 南极人值得信赖 还会继续回购 缺点是没有兜
18,产品介绍的符合,还好的符合产品介绍，
23,等了还可以,还可以，等了差不多半个月
18,口袋就是没有,还可以，就是没有口袋
13,变大还可以,还可以，就是洗了几次领口变大了
1,缩水长度,衣服长度缩水！衣服长度缩水！衣服长度缩水！重要的事情说三遍！
1,缩水自己傻,衣服长度缩水，自己傻，一下子买了3件，衣服长度缩水！???
15,面料还行,还没试，面料还行，就是到货衣服好脏啊！！
11,号型也错,我要的是黑、灰，来的是白、灰。号型也错。
8,客服糊弄,还没有收到货，就被确认收货了，快递走了六天，还是没有收到货，我又不是新疆内蒙，那么多天收不到货，客服一直在糊弄，真是无语。
6,南极人垃圾,垃圾南极人，洗过穿，痒死了，起球球一样
30,实惠,还行，跟上次一样，上次买的白色，领口膨胀，变得很大，这次买灰色，实惠
13,布料还行吧,还行吧，布料可以就是洗后有点变形
6,南极人没落,京东第一个差评。衣服穿一次还没有洗，Logo就掉了。手洗一次后，衣领严重变形、松垮。南极人如此没落，不久矣
1,洗第一次后白的变长，黑的变短,洗第一次后，白的变长，黑的变短。
3,衣服脏的,衣服质量很差、并且脏的联系也不睬
30,描述一样,和描述的一样，非常满意，推荐购买。
5,图片不符,和图片不符
1,洗过两次,洗过两次，就这样了，本来以为南极人这个也算是大牌子了真是失去信任了
0,尺码差别太大,和我订单上的尺码差别太大，衣服还是脏的！！！垃圾
30,携带很方便,和想象的基本一致，很轻便，穿着，携带都很方便，不错。
0,粘在身上,和宣传的不一样，出汗粘在身上尺码合适
18,区别有些大,和照片不一样。区别有些大。
0,大小不一样,黑白居然大小不一样，牌子也不一样只能说
18,品牌不是,黑的品牌南极人，灰的品牌不是南极人的。
1,洗过之后比较褶皱,说实话质量一般吧，摸起来不怎么舒服，感觉会比较热，不怎么透风。洗过之后，会比较褶皱。以前买过南极人的别的皮肤衣，但是倒闭了，就换了这一家。
1,洗过之后不行,衣服松散，无型！洗过之后便皱的不行了！厉害
3,衣服脏污,衣服有脏污
26,线头没有,黑色的没有线头！
6,南极人印象不好,尺码偏大，换货过程非常顺利便捷，产品做工比较差，线条遍布，穿一天袖口就脱线了，没有之前穿的班尼路打底衫质量好，上次买了一盒南极人的袜子，没有一双不是穿着穿着脚底脚指头破洞，大概以后不会再买南极人的衣品了，印象不好。
4,商标,为什么看的商品后有南极人的英文商标，寄过来的却没有，
3,异味很大,特别薄，异味很大，拿洗衣液泡了一天还是有味道，味道很
1,洗了变长,差评，还没穿，洗了一下就变长了很多。现在洗了一次都这样了，以后不变成裙子?，差评差评差评，便宜没好货，大家不要买，
3,异味旧衣服,一直在京东购物，感觉自营商品质量有所下降。衣服上有很多黑点、还有异味像旧衣服，领口大的像背心整个一老汉衫。
1,洗了差评,差评，昨天刚收到试了一下大小没问题，就洗了，今天准备穿呢发现缩水了，黑色缩水最明显，看图吧，同一个号的衣服，一次没穿过，第一次洗完就这样了，还尽折子，非常不满意的一次购物.........
1,洗了两次变形,质量很差，圆领洗了两次就变形了
1,洗了两次成这样了,这衣服买来穿了几次，洗了两次，然后就成这样了，试问一下    这和卖家图片是一样的吗？   这明显是质量问题啊？   难道是让两百斤的人穿？
17,颜色厉害,黑色掉颜色厉害  洗了几次也不行
1,洗了一次变形,与其说T恤不如说秋衣吧，见的人都说是秋衣，洗了一次变形了。
1,洗了一次不咋滴了,洗了一次就不咋滴了
1,洗了一次就变形了,面料质感：洗了一次领子就变形了，质量真的差
1,洗了一次辣鸡,洗了一次扔了！辣鸡，不要买。缩水严重，做工不合理，袖子短。
3,刚买有油点,你们卖衣服卖的都是二手的么？刚买的居然还有油点
1,洗了之后小了一号,面料类型：衣服缩水严重，没洗之前刚刚好。洗了之后直接小了一号
18,口袋一般吧,很薄  没有口袋   一般吧
15,褪色很薄,很薄，而且还褪色
30,防晒效果真不错,很薄，轻如鸿毛，防晒效果真不错
6,能防晒啥玩意,像蚊帐一样能防晒吗？？？还南极人，这啥玩意。建议各位不要买
1,洗两次完全没法穿了,领口的位置最差劲，洗两次完全没法穿了，领口大了好几圈，差评
23,到货时间相当长,很不开心的一次购物，京东那么久，头一回那么不愉快，到货时间相当长，长过所知的任何快递?
0,很不舒服,很不舒服，贴肉，热得要死
0,两边很差,很差，穿一次两边就爆很大缝！
0,穿着很差,很差，穿在身上衣服肩上金往后拉，穿着太不舒服，应不是南极人正品吧！包装也就一般不建议购买！
4,商标,说是南极人的，到货里面扔着俩商标，真假自己想，和拼多多十五买的一样的玩意
6,牌子不是一个,质量还可以，就是两件东西不是一个牌子，同样号码大小也不一样，还说本来就这样，跟图片上的不符
11,后台快递,后台反复沟通改颜色 结果还是发错了 疫情期间快递上门本来就麻烦 商家态度也不诚恳
8,态度,很好，这么长时间第一次碰到交智商税的购物。且不说是不是有心发错货，就这解决问题的态度，简直满分。真是特喵的太好了，建议大家多下单哈。
26,做工精细,很好看，穿着很舒服，面料不起，球很满意，上身效果非常好，做工精细，款式时尚百搭。
6,牌子差评,首先，我买的是L码，结果不是一样大。黑是南极人，白的不是，卖的不是一个牌子。以为挂了两个合格证就是南极人？差评，要不是点到星了，我一个心也不送。简直就是**！
3,油污失败,刚打开包装，就看到衣服拉链上油污，瞬间觉得这次购物失败
6,牌子偷工减料,做工太差了就像塑料一样，蓝极人一个牌子货既然连衣服上一个荷包都不做，明显偷工减料。差评。。。。。。。。?????
6,拼多多,说是南极人的，到货里面扔着俩商标，真假自己想，和拼多多十五买的一样的玩意
5,颜色有点色差,很客气的说质量真心一般，自己体会，有点小贵。颜色有点色差
1,洗完破了,洗完发现破了，这质量666
25,洗几次没宽多,很耐穿，洗几次没宽多少
30,不怕弄脏衣服,很轻薄，感觉可以穿一整个夏天了好洗干活的时候不怕弄脏衣服这个可以当围裙使?
30,防阳光晒可以,很轻薄，很凉爽，可以防阳光晒
3,油渍简陋,商品内侧没有包装 简陋不说，不知道在哪里沾上了油渍
19,发货10号才,很少不给五星好评，这次购物体验真的不咋地。6.7号下单6.10号才发货。无语。。。
6,品牌不好,洗了三次开始掉线，这种东西虽然不贵，但是坏品牌名声，不好?
30,搭配绝配,很喜欢这件衣服，建议搭配黑色的短裤跟一双小白鞋，这样看成绝配。
6,品牌对不起,质量非常差，对不起这个价和这个品牌，东西发过来就是坏的，已丢
11,货去哪了,我的货去哪了？
8,后台商家,后台反复沟通改颜色 结果还是发错了 疫情期间快递上门本来就麻烦 商家态度也不诚恳
9,个人信息要求公开解释,后台修改个人信息冻结账户，还要让我偿还，要求公开解释
9,忽悠,忽悠我们注册各种各样的东西，然后就是不兑现
9,信息解释,花小猪平台本人从未使用过，也没注册过，8月15号22.30左右突然接到用车服务信息，以为是骗子没有理会，8月16号12.06突然收到短信通知有未付打车款项，然后我去用微信登录花小猪平台，发现订单属实存在，本人一直在江苏省徐州市，订单竟然在北京，要求平台给我一个合理的解释，和道歉
9,个人信息怀疑,怀疑个人信息泄露 突然收到信息。。。。。
8,退货售后不处理问题,换货，客服处理问题不及时，不专业。没办法只能退货，退货售后不处理问题。说好的三天到，第六天才收到货。说是人工客服，其实就是电脑在和你对话，台词过来过去都是一样，换了三个客服都一样，购物最差体验。差评！
7,服务不专业,换货，客服处理问题不及时，不专业
1,洗完褶皱,质量很差，洗完褶皱还变色。跟客服反应还推脱。另外通过评价返现获取好评！
18,灰衣服像新的,灰衣服像新的，不知道什么鬼
13,缩水没有,回来就洗了一下，缩水没有
1,洗一变形变大,材质：差，洗一两次就变形变大了。
0,腋下很勒,会做衣服吗，腋下很勒，偷工减料也不差这一点吧，无语?
3,有污不能再差,不光有色差 ，打开包装之后还有污渍，这种体验简直不能再差了
17,整体穿上效果好,基础纯色搭配，柔软，吸湿性好，穿着舒适，不易起球，易洗快干，这就是纯棉。透气不闷热，透气效果好，车线下摆，针脚细密工整，圆领设计，舒适有型，衬托劲部线条，4D剪裁设计，肩部街接自然。整体穿上效果好，质量也上程，但白色穿上正好，黑色少紧些，胸部紧些，一样的号码，不一样的尺寸，希望该公司有所改进。
17,基础纯色,基础纯色搭配，柔软，吸湿性好，穿着舒适，不易起球，易洗快干，这就是纯棉。透气不闷热，透气效果好，车线下摆，针脚细密工整，圆领设计，舒适有型，衬托劲部线条，5D剪裁设计，肩部街接自然。整体穿上效果好，质量也上程，但白色穿上正好，黑色少紧些，胸部紧些，一样的号码，不一样的尺寸，希望该公司有所改进。
0,尺码也不准,极差的购物体验，商家发货用了三天，快递四天才到，一个礼拜才收到货。推荐尺码也不准，大码推荐110到130斤，实际100斤穿了都觉得小
7,发货用了三天,极差的购物体验，商家发货用了三天，快递四天才到，一个礼拜才收到货。推荐尺码也不准，大码推荐110到130斤，实际100斤穿了都觉得小
11,客服根本没变化,我下单时跟客服联系说改成3xl的，可收到的货号码根本没变化
8,客服文案试回答,极度的差评，物品晚到和自营上面到的时间不一样，早知道它晚到，我还买它干啥，物品朋友代收的，不知道质量如何，物流预计到货时间存在虚假信息，引导我消费，问客服，客服全是文案试回答，没有任何作为，还是plus客服呢，打电话投诉，说记录往上报，现在也没有回访给解决办法，极度的差评，差评，还不如去别的平台买呢，还便宜，快递速度还一样，干嘛还整什么京东自营呀，还贵，不建议购买
35,快递小哥很快,计划今天送达，昨晚快递小哥就送到了，很快。确实全棉，柔软舒适，薄厚适中，试穿大小也合适，愉快的购物体验。
3,脏的,脏的，换货还得从外地调货，浪费时间。京东第一个差评，希望也是最后一个差评。
0,肩膀处勒的紧,肩膀处勒的紧，腰部却很宽，像肥佬衫一样。刚到手试穿身上会痒，布料硬邦邦的感觉
4,详情,什么材质根本没写啊，写着详情见包装？根本找不到是什么材质的，以为是纯棉的才买的，过下水掉了很多**。最起码什么材质得标清楚吧？这样能通过质检？况且不便宜啊！
18,口袋都没,简单的不能再简单了，连个口袋都没，商标也没有
30,图片效果一样,简洁时尚，版型好看，做工精细，上身很合身，尺码标准，颜色和图片效果一样，面料摸起来很舒服
6,品牌根本不是,大家千万别买，衣服和15元一次性卫生衣一模一样。而且根本不是南极人品牌的。这是我在网上购物最愤怒的一次！
11,客服回复慢的,不建议购买。首先包装，一个品牌竟然直接给我装到快递袋里面，最起码的外包装都没有吗？？？；其次没有商标，谁知道是不是南极人；客服回复慢的要死。再者线头满天飞。极不愉快的一次购物。
1,洗一次,特别推荐，洗一次就缩水
1,洗一次就不能穿了,质量太差  洗一次就不能穿了
3,脏的差评,衣服都是脏的，差评
0,尺码一件大一件小,简直无语，同样的尺码，却是一件大一件小！差差差
11,客服垃圾,衣服质量就那样，而且客服连客户提出的发票时间问题都弄不清出，垃圾客服！
6,品牌垃圾,垃圾，垃圾中的垃圾，南极人这个品牌真的是太糟糕了，也买过几次这个牌的东西 质量真的是一言难尽，服务只会拖，刚买来的因为下雨今天才穿 发现有问题
1,洗一次垃圾,垃圾衣服，洗一次就变形，真心垃圾。
18,便宜较便,较便宜，穿着感觉前后不分，胳肢窝处不舒服
9,个人信息严重影响,借款2万 前2个月本金加全年利息 2500/月 后10个月才还本金1890/月，又对债务第三方人进行骚扰！打电话骚扰我朋友！已经严重影响别人生活！泄漏我个人信息 冒充法务给我朋友发信息！
1,洗一次之后垃圾,真的够垃圾的，洗一次之后领口就大了，穿起来松松垮垮的。没法再穿，差评差评差评差评差评，
35,快递小哥很给力,今天收到货了，快递小哥很给力。
9,手机号根本不给处理,今天我用微信零钱支付的时候发现需要支付验证一下手机号，需要验证的手机号居然和我微信账号绑定的手机号不一样，人工客服也联系不上，根本不给处理
35,收到很快,今天下单今天收到很快，摸上去还不错，等等以后穿上再看看怎么样
9,个人信息莫名其妙,今晚突然收到建设银行发来的拼多多验证码，提示开通免密支付，但当时未使用拼多多软件，却莫名其妙收到银行验证码信息，怀疑个人信息泄露，平台不安全
35,送货郊率就是快,京东的送货郊率就是快！昨天下午下单，今天上午收到！T恤衫很满意，大小合适，做工很好！
26,做工很好,京东的送货郊率就是快！昨天下午下单，今天上午收到！T恤衫很满意，大小合适，做工很好！
1,洗一下,洗一下领口变裤腰
6,品牌没看到任何,穿的还是蛮舒服的，但你这挂的南极人的品牌卖，除了弄了个吊牌外，衣服上从里到外我没看到任何关于品牌的LOGO，说实话这衣服到底是不是南极人的我表示很怀疑
8,态度不解决问题,京东客服不解决问题，态度差
11,客服码数,大家千万千万不要买这家店的衣服，第一次购买的时候，客服码数不懂，自己产品码数不知道就上岗，其次，我衣服拿到手，然后第一次洗，洗完发现烂了，客服说我洗衣服撕破了，我有必要对新衣服进行撕扯去洗吗？？？然后卖家说退不了，这个一看很明显就是衣服质量问题！！！大家千万别被好评所欺骗！
9,姓名,京东老用户，每月都消费500元以上，接到0730-3075***自称京东工作人员电话，首先准确说出了我的姓名，然后说我在京东APP金融贷款的协议给我自动生效什么的，我本人没在京东开通过任何金融贷款业务（包括京东白条），我对此有疑问，他让我打95118（京东金额客服）咨询，我咨询京东客服时，客服否认这是内部工作人员，也明...
1,洗一下很差,今天刚刚收到，质量很差，洗一下全变形了，领口变的特别大，衣服变得又大又长，全部变形了。太差了。客户直接推掉了之前她说的话，真是无语，直接扔了！
11,快递不知道送那里去了,快递不知道送那里去了、商家让我自己去找快递员、上那里去找？能有时间去找还不如去隔壁商场买一件
6,其它 渣,售后处理五星好评～其它就一个字 渣
35,京东快递非常快,京东自营店购物就是省心！省力！物美价廉！加上京东快递非常快！值得信赖！
6,图片不符,衣服质量很差，粘上毛拍都拍不掉。图片与实物也不符。图片有品牌信息，实物没有任何品牌信息。严重让人怀疑是不是正品。。。
1,洗一邹成,不要买了，洗一次邹成这个样子，这样能穿出去吗
6,图片不一样,差评!衣服前面的印花不在中间，似乎是歪的，跟图片不一样呢
18,口袋不方便,就没有口袋不方便
23,速度差不多,就一个字差，快递和爬的速度吃差不多，客服全部都是人机，从来没有遇见过这种。
20,客服人机,就一个字差，快递和爬的速度吃差不多，客服全部都是人机，从来没有遇见过这种。
6,图片不一样,衣服和以前不一样图片还是原来的
6,图片不一样,差差差太差了，和图片不一样，质量也不好
15,料子差了些,可能期望太高了，没有想象中那么好，料子差了些
35,快递超级快,可以挺薄的，大小也合适，快递超级快
7,客服，服务没有人答复,客服，服务差，5月7日反映的问题到现在没有人答复，商品打开包装就有质量问题
7,半个月解决不了,客服服务很差，半个月了发票问题一直解决不了，一直说催催催，我都无语了，从没碰到过这家这种的，我还是拍的时候提前备注发票信息的，说了是签收后24h开发票，这都等了半个月了 ，真是无语额
8,客服爱搭不理,客服基本机器人  爱搭不理  5天才收到货就这样
31,商家很快回复,想退款的时候，商家很快就回复了。
6,外包装里面，,不建议购买。首先包装，一个品牌竟然直接给我装到快递袋里面，最起码的外包装都没有吗？？？；其次没有商标，谁知道是不是南极人；客服回复慢的要死。再者线头满天飞。极不愉快的一次购物。
33,快递包装太人性化了,快递包装上面什么都没有写，太人性化了，保密发货宝贝也真实，以后就来你家啦
1,下面的线全部脱掉,衣服昨天拿到，放洗衣机一洗，还没穿就这样了，下面的线全部脱掉了，联系客服，客服直接不理人，本来我是买东西基本懒得退货的，这态度真让人气愤
11,快递垃圾,垃圾东西，买回来刚打开快递就是破的，
11,快递联系不上,人生中这么多次购物，第一次给差评，这么多天了，货一直没收到，联系快递联系不上，联系客服一直在说反馈，还是在京东买的呢，简直烂透了。我已经申请了退款，也一直没处理，严重怀疑商家是不是**，京东平台也不管一下吗？这样的服务态度，还能在这个大数据时代生存，我就不信了！！！
23,快递给力,快递给力，质量一般，手工一般，感觉不值这个价
23,快递还行,快递还行，八号订单到十五号才到。衣服不是很理想太薄了
23,快递还行,快递还行，一个星期就到了
11,快递没到就给签收,快递没到就给签收了
35,快递是真的快,快递是真的快，昨天晚上下单今天下午就到了，宝贝也非常满意，穿上一点都不热，谢谢老板
23,快递还要我自己去取,快递送到离我有70公里的镇上了，还要我自己去取
23,快递速度还行,快递速度还行
23,快递太差了,快递太差了
23,快递五天就到,快递五天就到，衣服比较薄，有个口子
11,快递让人无语,购物体验极差！几年来在京东购物体验最差的一次！5天快递送到货，以为是衣服到了呢？这个快递速度真让人无语！去拿才知道是双袜子，质量还非常差。随手就给他丢了！然后就想退货，找客服忙的也没时间理！结果退不了。第9天才收到货。真是忍受不了啦！商家难道是驴背马驼送的货吗？你们的快递给客户的体验真的是买一次永远不会再想买第二次！
23,快递有些慢,快递有些慢！！！！
23,快递有一点慢,快递有一点慢
23,快递员没有通知取货,快递员存放2天都没有通知取货
23,快递员送到位,快递员可以送到位。很差中通快递。不买了。
1,线缝开了,第一件洗一次  线缝开了   第二件打开包装有污点  客服说不能退  就将就穿了  几十块钱不退就不退吧  第一次在京东就上当
5,款式版型有严重问题,款式版型有严重问题，中国人大多数修长体型，你设计成宽宽肥肥的，设计师难道自己是胖子。我一般不喜欢给差评，确实质量也不行，不够柔软，里面加的绒也不是好的材料。
15,内部有点脏,款式还行，收到的时候内部有点脏还起球了，放久了？？？线头多，做工粗糙
17,款式还行,款式还行，收到的时候内部有点脏还起球了，放久了？？？线头多，做工粗糙
26,衣服质量不错,款式简单好看，衣服质量不错，穿着挺帅气的，料子很好。
6,虚假宣传,领标，虚假宣传，客服不理，踢皮球
6,虚假宣传垃圾,垃圾商品，虚假宣传！一点也没有透气性，和雨衣差不多，夏天穿上一会儿就闷出一身汗！还有垃圾客服，一直用个**机器人自动回复！答的驴嘴不对马尾。垃圾物流，还没有收到货就直接点已签收，还不显示物流信息，让垃圾客服查物流，一天也没给出结果！
3,质感都没斜松,一点点质感都没有，感觉很斜松
26,做工精细,款式漂亮，做工精细，面料柔软，质量很好，不起球不掉色
6,衣服特别的差,衣服特别的差很透感觉还没有19.9的好 店家应该就买了个南极人的牌子质量真的堪忧兄弟们还是去别家吧
30,口袋唯一可惜没有,款式挺好的，唯一可惜没有口袋，穿着很舒适价格实惠 质量不错  码数标准喜欢的可以入手 非常轻薄，拿着丢包里都非常方便。
6,硬纸我是服了,衣服还行，但是中间的硬纸我是服了，为什么是烟盒
6,展示区不一样,与展示区的衣服不一样
0,垃圾,垃圾 一点不透气 非常差体验
0,穿一次垃圾,垃圾，穿一次拉锁就坏了，质量差劲的狠
0,号码垃圾,垃圾，号码小，做工学徒工之手
6,照片差距大,不太满意，不好看。照片与实物差距大。最多一颗星。
6,这家店不要,建议大家以后不要在这家店买衣服了，快递太慢了服务也不好，我衣服买了一个星期以后才到
1,衣服洗过差的,太垃圾了，真的太差了，衣服洗过之后就变成这样了，气死我了，还是手洗的！！！领口直变成腰那么粗了，洗了就回去去了，天呐！！最差的一次体验！！！
11,快递速度还慢,快递比蜗牛的速度还慢，，好多线头，这质量能过关，，
11,快递速度时间不一样,极度的差评，物品晚到和自营上面到的时间不一样，早知道它晚到，我还买它干啥，物品朋友代收的，不知道质量如何，物流预计到货时间存在虚假信息，引导我消费，问客服，客服全是文案试回答，没有任何作为，还是plus客服呢，打电话投诉，说记录往上报，现在也没有回访给解决办法，极度的差评，差评，还不如去别的平台买呢，还便宜，快递速度还一样，干嘛还整什么京东自营呀，还贵，不建议购买
7,客服垃圾,垃圾客服，催半天不理我，要换货，应该他们那边应该到货好几天了没有动静。
1,衣服严重缩水,京东六年第一次评价，不为什么，只为吐槽如此劣质产品，也能在京东销售，衣服严重缩水，黑色洗过一次，直接袖口缩水5公分，白色袖口开线。我只是想问下，这个衣服是一次性的吗？不能洗的？谁买谁**！
6,正品正品吗？,是南极人正品吗？扫码没有不知道是真是假
8,客服垃圾,垃圾商品，虚假宣传！一点也没有透气性，和雨衣差不多，夏天穿上一会儿就闷出一身汗！还有垃圾客服，一直用个**机器人自动回复！答的驴嘴不对马尾。垃圾物流，还没有收到货就直接点已签收，还不显示物流信息，让垃圾客服查物流，一天也没给出结果！
0,透气性垃圾,垃圾商品，虚假宣传！一点也没有透气性，和雨衣差不多，夏天穿上一会儿就闷出一身汗！还有垃圾客服，一直用个**机器人自动回复！答的驴嘴不对马尾。垃圾物流，还没有收到货就直接点已签收，还不显示物流信息，让垃圾客服查物流，一天也没给出结果！
6,纸板搞笑的,说实话 不带虚假 买了这么多次 第一次见如此差的衣物 包装破 没吊牌不说 衣服还是有污渍 最搞笑的是里面没纸板 用的是红塔山烟盒 搞笑是不
1,衣领变形、松垮,京东第一个差评。衣服穿一次还没有洗，Logo就掉了。手洗一次后，衣领严重变形、松垮。南极人如此没落，不久矣
4,吊牌浠烂,浠烂的商家，衣服味道大，吊牌都不用吊的，只是装进包装袋里
11,快递太垃圾,商品比平时买的衣服偏大，快递太垃圾七八天才到货
1,已变形,拆开包装，手感抹布，毫无弹性，没穿拿去洗，晾干后，黑色那件还好，灰色那件衣领已变形（如图）算是废了，店家那么多好评，估计花了不少钱
10,补偿垃圾,垃圾中的垃圾，先不说面料伪劣，质量收到就直接脱线破了一个洞，找客服还说让我自己去补，补偿5块红包，呵呵呵
1,褶皱一洗就起,是否舒适：穿着挺舒适的材质：水洗下，领子一洗就起褶皱，都变大了领子，很不好版型：版型刚刚好
11,快递太慢了,建议大家以后不要在这家店买衣服了，快递太慢了服务也不好，我衣服买了一个星期以后才到
9,客服没有,里面连客服都没有，连个人设置注销都没有，还无法截屏
15,里面有灰尘印,里面有灰尘印也不懂是别人穿过得还是放得太久了
18,口袋都没有,连个口袋都没有
11,快递一个星期,快递一个星期，我又不在偏远地区能搞7天，服了
9,信息怀疑,连续收到好几次美团点评发来的短信说我订了酒店，让我拿身份证入住，但我根本没有订那家酒店，我怀疑我的信息已经被泄露而且不确定我的财产安全，我希望得到一个让我可以信服并接受的解释。收到信息的手机号是：17500758***
0,一边大一边小不对称,两边不对称，明显一边大一边小，布料先不说，这尺寸明显大问题，基本不能穿！
0,有大小居然有大小,两件2xl的衣服，居然有大小，这京东也慢慢开始不负责了
0,一件长一件垃圾玩意,两件M码一件长一件短你家176身高的人穿那么短啊垃圾玩意
1,真的差,白色的穿了两次，就起毛球了，黑色的，我洗了不下五遍，刷了不知道多少次，一泡水里，水立马飘着黑色绒毛，洗不完，泡多久都不管用，体验是真的差
0,大小不一,两件大小不一，灰的正常，黑的像小码，晕死了还自营的，算了总算明白京东怎么越来越差了
7,客服理都不理,两件都穿了5次左右，发红了，想从买，或者客服有啥解决方案或优惠，理都不理，真的是服了，这客服一天到黑，混日子，一天都不回两句，严重怀疑客服智商
1,质量好差,洗一次就变形，真的质量好差
1,质量严重,第二次购买，质量跟第一次相差太远，洗了一次严重缩水
1,重缩严重,洗后严重缩水，出厂前应该处理好
15,布料不一样,两件衣服布料不一样，白色的布料差
0,尺码都不一样,两件衣服尺码都不一样，一件小的跟个紧身衣一样
4,标牌和实际都不一样,标牌和实际都不一样。
0,领口超级大,两件衣服牌子都不一样，衣服领口超级大。失败。
0,实际尺寸不一样,两件衣服一个尺码的，实际尺寸却不一样，白色的衣袖短些。而且穿了一次，白色这件衣服锁边的线都掉了。
11,快递直接丢件,第一次快递直接丢件，客服一直没人回复处理。
11,快递走了六天,还没有收到货，就被确认收货了，快递走了六天，还是没有收到货，我又不是新疆内蒙，那么多天收不到货，客服一直在糊弄，真是无语。
15,料子不错,料子不错，有点大哟
11,没收到货无语了,对这个店家无语了，我没收到货就显示已送达就算了，处理问题一点不积极，发个消息回复的永远是那老三句。
15,料子不好,料子不好，不透气
11,拍两件差评,差评差评，拍两件只发一件，
11,派送服务垃圾,京东无人车派送服务垃圾
11,商家拖拉,第一：商家不解决问题，永远在拖拉，不作为，对于客户提出的问题打马虎眼。第二：配送到我的所在地后不第一时间与我联系，也不通知我。我打的圆通客服才找到配送电话，配送员态度也比较恶略。
30,京东自营信赖,料子很厚实，打底单穿都很好。信赖京东自营。
11,收到的却是,衣服还可以，但是我买的是长袖的收到的却是短袖
11,收到货,一个半月没有收到货，都自动确认到货了，问客户没人回复
8,客服不理,领标，虚假宣传，客服不理，踢皮球
11,收到货恶毒,我都没收到货，每次联系商家都是在说他正在核实查询，然后就没有下文了。我要用世上最恶毒的词汇问候这家店老板一家人。。。。。。
11,收到货一个星期,一个星期我都没收到货，今天催促客服好多次，下午竟然显示订单已完成待评价，客服一路就是查查记录都没有实际性的回复。你们这般神操作不知道怎么说了
11,送货五天才,选个邮政，送货好多天，到了南昌后五天才送货，还不支持退货，服务态度很差
4,标签差评,差评吧，质量不怎么样，标签都没裁剪，往衣服上安，都在袋子里随意放着，衣服和标签估计完全是不符的
5,图片不符合,买的和图片不符合，而且这样的都是79快钱，这里卖99大家都看看别的，他家的贵20
18,一个兜都没有,买的时候没想到，今天穿了才发现，一个兜都没有，一点东西不让装得么，
11,退货这么慢,第一次让我伤心透顶的购物，买回来一穿大了一号，本想是退货比换货快，退了还在他家再买小一号码的，哪料到退货这么慢，催一天了才发过来填写单号的链接，直接没有再次购买的欲望了！
0,大小不一样,买的同一款衣服，居然大小不一样，商标不一样，质量还差谁买谁上当
11,未收到烂的,东西未收到就显示签收，而且没有发去拿东西的短信与电话，现在东西在哪都不知道，最后找客服，客服一直未回消息，从未见过这么烂的售后与客服，两天未回复消息！
11,物流超级慢,店铺可以倒闭了，发货服务态度很差、物流超级慢，时间要半个月
11,物流还慢,简直就是糊弄人   衣服质量跟垃圾没啥区别  各种问题   拉链拉不下去。。物流还慢得一塌糊涂。。我真不知道你是来骗人的  还是来开店的
11,物流垃圾,京东物流真垃圾，超期送货，连招呼都不打，差评。
11,物流垃圾,垃圾的要死要的灰色给我发的紫色，物流还慢的要死，真**浪费我时间
15,面料还可以,买回来才发现，是纯色的，衣服面料还可以
17,纯色才发现,买回来才发现，是纯色的，衣服面料还可以
11,物流垃圾,垃圾商品，虚假宣传！一点也没有透气性，和雨衣差不多，夏天穿上一会儿就闷出一身汗！还有垃圾客服，一直用个**机器人自动回复！答的驴嘴不对马尾。垃圾物流，还没有收到货就直接点已签收，还不显示物流信息，让垃圾客服查物流，一天也没给出结果！
33,个人隐私绝对放心,买家打包的很严实个人隐私绝对放心是正品，很愉快的一次购物
11,物流速度慢，,服务态度，物流速度慢，没有收到也显示收货
5,颜色明显差异,买了两件同款同价不同颜色质量有明显差异！银灰色质量明显不如白色！
0,大小不一样,买了两件一样大的，发过来大小不一样
4,三无产品无商标,感觉就是个三无产品，无商标。
7,发货差评,买了一个月都没有发货，还显示收货，拖了这么久退款通道也关闭了，差评
0,同号一大一小,买了一黑一百同号，结果一大一小
11,下单下午才到,2号下单买的，10号下午才到，人都晒得漆黑，不退货已经是我最后的倔强了
23,送过来一件L的，一件XL的,买两件XL的，结果送过来一件L的，一件XL的，更夸张的是L的穿着稍小一点点，可以穿；但XL的说是7分袖有点夸张，但说是9分袖显然袖长又不够！
30,有优惠,买两件有优惠，老公身高180，体重90公斤，穿上大小刚好，非常不错的选择
11,型号了，发错,发错型号了，中午到晚上10点半都不处理
33,保密措施做得很好,卖家的保密措施做得很好，完全没有任何信息出现在上面
33,保密性很高,卖家很细心，快递保密性很高
23,物流快多了,卖家图片看起来还可以，买回来心凉了半截，物流确实666，比圆通快多了，两天不到就收到了
18,图片还可以,卖家图片看起来还可以，买回来心凉了半截，物流确实667，比圆通快多了，两天不到就收到了
0,尺寸不符合,满怀希望，到货失望?本人身高165，体重136斤，购买L号。到货后发现三件衣服身长尺寸不符合产品介绍尺寸（偏长）白色没有标识，比较肥大。黑色和灰色偏瘦，并非产品介绍中描述的宽松型。毕竟价格便宜，懒得退！
18,松紧带烦人,帽子没有松紧带，很烦人
13,洗了大了不少,貌似洗了就大了不少啊，而且稍微大了点呢
11,一大一小发过来,发过来一大一小，白色180  黑色175     我买的是xl 
11,已签收最生气,真的是最生气的一次购物，东西都没有收到，上面显示已签收，问客服两天都是一直都是机器人给我服务。东西没有不要了，就当丢了。最差的一次购物
0,大小有点闷,没感觉到冰丝凉，反而觉得有点闷，穿上不凉快，大小倒是合身
9,息体给出合理解释！,没听说说该平台也没办理借款业务，收到逾期信息，并且有外访催收信息体现，请给出合理解释！
11,只发一件买两件,买两件只发一件！！！而且颜色还不对！！！差评！！！
18,口袋有些不方便,没有口袋，有些不方便
11,只发只发了一件,下单是两件，结果只发了一件。让补发一件又一直不给解决一直拖。
15,料子有点涩,没有口袋料子有点涩
18,口袋没有,没有口袋料子有点涩
11,最慢的一次,最慢的一次，也是最差的一次，最不满意的一次，，不想说了，衣服连个口袋也没有？
9,个人信息莫名其妙,没有任何下单记录，怎么给我发了一个手机卡快递。个人信息怎么泄露的，莫名其妙
18,图片那么好,没有图片中那么好，
13,洗过比较严重,没有想象得那么好，洗过之后褶皱比较严重，物没有有所值。
18,南极人不如上次,每次都要南极人的，但是感觉这次的质量面料不如上次买的
9,全都泄露全都泄露,美团骑手随便开直播，在网上直播送餐把客户的收货地址全都泄露在直播上
7,速度石沉大海,谜一样的发货，下单如石沉大海，前前后后等了一个星期，速度这块没的说，绝了
15,布料有点粗,勉强可以，布料有点粗，不太精细。
15,面料不错,面料不错就是只能打底，单穿不搭
12,2XL大，,布料一般吧，同样是2XL，这两件比我其他的衣服都大，勉勉强强
12,白衣大黑衣小,白衣大黑衣小？只是落水了，不然2件都退了！
12,不透气,这玩意儿防晒能力一般啊，真是晒死我了，不透气
13,棉料还算舒适,面料还算舒适，但是棉料不是缩水的吗？为什么没穿几次就变得很大？算起来洗了大约五六次，现在已经大了很多，东西不贵懒得追究，但是面料都是缩水的为啥这个会变大这么多。
12,裁剪不对,衣服裁剪不对，穿着别扭
12,尺寸不标准,衣服的尺寸不标准、身窄袖长阔大，一点都不标准。
0,咯人,面料很差，贴身穿咯人，感觉很不舒服，难得退了，只能放着了吧
12,尺寸不一样,同尺寸 两件大小不一样  一件长一件短
12,尺寸对不上,衣服尺寸和一般的衣服对不上，要买大一码
12,尺寸买大了,质量可以，但是我买大了，放在那里没穿，我是按照商家推荐的尺寸买的，所以，入手前一定要确定好尺寸。
12,尺寸偏小,尺码大小：尺寸偏小，质地还行，快递较慢。
12,尺码不合适,尺码不合适，做工一般！
15,面料质感一般,面料类型：棉面料质感：一般，容易起球
12,尺码大小还行,尺码大小：还行材质：是棉的，就是太薄了，老公穿上都露点了，因为拿回来没试就洗了，所以也不能退了
12,尺码大小买大一码吧,尺码大小：买大一码吧 我175都不到也不胖  买xl袖子短 衣服不宽松
12,尺码大小小了一号,尺码大小：两件衣服中有一件尺码不一致小了一号
15,面料干硬,面料类型：面料干硬 不是那种棉棉的感觉 而去非常薄  只能说不是想要的那种棉质  对不起这个价格 也懒得退了 凑合穿吧  慎买
15,面料一般,面料类型：面料一般
12,尺码大小小一个号,尺码大小：第二次买了，第一次以为是装货的失误，结果这次和上次一样，灰色的尺码不管是肩宽还是衣长，确实比白色的小一个号
5,试穿效果太差了,面料类型：太差了面料质感：太差了，硬梆梆的透气性：垃圾试穿效果：太差了，一点版型都没有尺码大小：太差了其他特色：@的
12,尺码大小有问题啊,尺码大小：这个尺码大小有问题啊，你这个L号等于我的XL太大了吧
35,速度很快,面料摸着舒服，做工精细，没有多余的线头，物流速度很快，上身效果很好，质量很好，版型好看。
26,做工精细,面料摸着舒服，做工精细，没有多余的线头，物流速度很快，上身效果很好，质量很好，版型好看。
29,上身效果很好,面料摸着舒服，做工精细，没有多余的线头，物流速度很快，上身效果很好，质量很好，版型好看。
12,尺码还不错,尺码刚刚好，还不错！面料是纯棉的，很舒适的！
26,做工精细,面料柔软，做工精细，款式新颖，穿着时尚得体，值得信赖的品牌，5分好评
30,品牌值得信赖,面料柔软，做工精细，款式新颖，穿着时尚得体，值得信赖的品牌，5分好评
12,尺码偏大点,物流很快，刚好是本地发货，感觉衣服尺码偏大点
26,做工非常好,面料是属于很透气的那一种。做工也非常好，走线很工整。
10,退货麻烦,退货还那么麻烦 自己不会处理吗都   醉了对于这种店
12,尺码偏小,尺码大小：尺码偏小！建议拍大一码！面料一般！透气性一般！
12,尺码偏小,尺码偏小，我176 140斤2XL居然还短了，缩水
15,面料不理想,面料质感：不理想尺码大小：不相符有点小
12,穿身上感觉一般般,质量一般款式类型：衣服穿身上感觉一般般
12,穿在衣服上挺舒服的,穿了两水了再来评价的，这款防晒衣穿在衣服上挺舒服的，也能有效防晒，而且衣服也很轻盈，但做工有点儿粗糙，质量估计也不怎么好，同样的价格在别的网站上可能能买三件了。
5,试穿效果失望透顶,面料质感：感觉非常不舒服面料类型：塑料布透气性：不透气，差试穿效果：失望透顶
12,穿着不是很舒服,穿着不是很舒服，有些紧，还有些材质过敏吧，这价格有点高了，感觉有些不值，对于我这种微胖来说有些不友善袖子宽松胸围和腰围很紧
12,穿着一般,一分钱一分货，质量、穿着质感一般，不知道水洗后给会褪色？邹巴巴的，没有销售图片的质感。
12,大小一般般,一般般，两件衣服收到大小不一
5,试穿效果不好看,面料质感：很差，尺码大小：偏大试穿效果：不好看，千万不要买
0,尺码大小：偏大,面料质感：很差，尺码大小：偏大试穿效果：不好看，千万不要买
12,弹性没啥,不好穿，没啥弹性，而且变形的厉害
12,感觉不合身,版型：170的穿出180的感觉。不合身
12,感觉很勒,给客服发了四分钟信息，一句话没回，咨询量再大也不至于这样上身效果：我160，买的1xl 感觉很勒没有弹性
12,胳肢窝处不舒服,较便宜，穿着感觉前后不分，胳肢窝处不舒服
12,合身不是很,一分钱一分货吧，不是很合身
12,合身还算,衣服还没穿，今天收到洗了，有些掉色。还算合身，一般般吧
12,肩膀的地方莫名的不舒服,衣服都挺好，就是肩膀的地方莫名的不舒服，感觉像袖子装反了
12,凉快穿在身上也比较,不错，到货速度很快，穿在身上也比较凉快。
12,凉快是挺,防晒衣没有防晒效果穿上倒是挺凉快
12,领口不合身,衣服款式不好看领口太大了，不合身有点松垮
15,质感不是很好,面料质感：质感不是很好      看在便宜的份上  我就不说什么了
12,另外号偏瘦,产品一般，没有口袋，出门放个单据等l小东西都没处放，另外号偏瘦，买大一号可以，
12,码数一般,一般把没怎么穿，推荐码数短了
30,价格便宜,摸起来很有质感，穿起来也挺不错，尺码标准！送货送货速度很快！价格也便宜，总之是一次挑不出毛病的购物体验。
12,码子明显不一样,跟价格还算匹配，但是两件码子明显不一样！
12,码子偏小,衣服很薄，码子偏小
26,起球，不,摸着舒服，有弹性，很百搭，时尚帅气，洗过了不掉色，不起球
30,超值实惠,男士短袖T恤纯棉材质的，面料手感好超值实惠装很划算，上身效果好极了推荐购买。
12,买大了,听了客服的建议给买大了 不怎么开心
12,买小有点,有点买小了
12,摸着不太舒服,做工粗糙，摸着也不太舒服，不值这个价。
13,缩水一般吧,南极人的睡衣一定要买大几码，因为上次买的缩水了，质量一般吧像是麻的，不建议南极人买睡衣再也不买了
12,难受穿起来,材质还行，就是穿起来脖子附近有点难受。线头也有点多，送来的时候黑色的上面好多灰。无语
18,南极人觉得可以买,南极人我是觉得可以买，做工真的还行吧。
12,轻盈也很,穿了两水了再来评价的，这款防晒衣穿在衣服上挺舒服的，也能有效防晒，而且衣服也很轻盈，但做工有点儿粗糙，质量估计也不怎么好，同样的价格在别的网站上可能能买三件了。
4,贴牌,都到都跳线了，不愧是贴牌
18,牌子还可以,牌子是还可以，不是南极人。居然没有口袋。
12,容易邹,薄是真薄，容易邹
0,薄厚程度真的差,偏大薄厚程度：薄的一张纸材质类型：质量真的差
30,品牌值得信赖,品牌衣服值得信赖。面料舒适，大小合适。很满意的购物。`
12,舒服穿着,材质：价格决定材质版型：穿着不咋舒服，胳肢窝
8,客服摆设,其实吧，作为一个京东的老顾客实在搞得那么难堪，南极人的也是一个品牌，怎么现在品控也是这么差了。唉:-(衣服还没穿就一洞，官方客服也是摆设，店铺客服就是一个复读机，之后说一句话，一点责任心都没有。民族复兴靠你们末日就要到了。
12,舒适度一般,质量看着一般，布做的，不带棉，穿身上舒适度一般
12,舒适感一般,不是棉的，舒适感一般，不贴身，布做的
12,舒适一般,是否舒适：一般，有点刺感尺码大小：大小合适材质：精梳棉版型：常规款
9,骚扰不要骚扰别人,请联系本人进行协商，不要骚扰别人。我这里有录音和骚扰的证据
26,做工比较精致,全棉的穿着舒服，做工比较精致，上身效果好很好看。
12,舒适有点刺感,是否舒适：一般，有点刺感尺码大小：大小合适材质：精梳棉版型：常规款
8,服，从不解决问题,全是人机客服，从不解决问题
12,太大了,太大了，不咋样。物流更垃圾
17,款式一般,确实一般，毕竟价钱在那放着，款式胖
12,同一个号一件大一件小,不知道为什么两件衣服一件大一件小，不应该都是同一个号的吗？
12,透气不是很好,凑合穿吧，感觉透气不是很好，穿了一次，防晒还是有的，穿着钓鱼
8,客服一直在说反馈,人生中这么多次购物，第一次给差评，这么多天了，货一直没收到，联系快递联系不上，联系客服一直在说反馈，还是在京东买的呢，简直烂透了。我已经申请了退款，也一直没处理，严重怀疑商家是不是**，京东平台也不管一下吗？这样的服务态度，还能在这个大数据时代生存，我就不信了！！！
12,透气没那么,质量还行吧，可是感觉没那么透气，穿上之后虽然隔绝了紫外线，但是特别的热，一脱下来身上全都是汗，整个衣服都湿透了
12,透气性一般,尺码大小：尺码偏小！建议拍大一码！面料一般！透气性一般！
4,牌子牌子,我拍的和发给我的二个牌子，京东购物失败的一次
5,色差太大了,色差太大了，有一件颜色太艳没法穿出去，另一件第一次洗就破了，没法说
4,三无产品太差,三无产品！品质太差！
8,态度态度差,商家服务态度差！衣服有瑕疵，一个袖口窄，一个袖口宽！处理问题拖拖拉拉！
12,透气性有待提高,透气性有待提高，若能提高透气性就比较理想了。
35,快递员点赞,商品两层包装很好，衣服轻便，物美价廉，夏天穿透气防晒凉快，很满意！为快递员点赞！
30,物美价廉,商品两层包装很好，衣服轻便，物美价廉，夏天穿透气防晒凉快，很满意！为快递员点赞！
12,推荐码偏大,推荐码偏大
30,京东购物方便,商品收到了，一分钱一分货呀，京东购物还是非常方便的。
35,就到了这么快,商品这么快就到了
12,夏天穿的完全不是,这衣服质量没的说，但是也太厚了，完全不是夏天穿的，而且白色衣服有一坨黑色的啥玩意，我也不知道是啥
12,袖子太大了,衣服都很好，就是袖子太大了！设计不合理
12,也能穿,一般般，也能穿
12,衣服厚了点,衣服厚了点，略微有点掉色。
12,衣服偏长,衣服偏长，有点掉线
12,衣服挺不错的,衣服还是挺不错的，白色的更好点
12,衣服一般,衣服一般，没我买20几块的好，而且还起皱纹了
17,外观也不错,比较透气，而且特别软舒适，外观也不错，可惜没有口袋，比较满意的
10,退的款还没处理,上月退的款，现在还没处理，
23,少了一件很烦,少了一件很烦
12,衣服一大一小,衣服一大一小，黑色正常白色大了一码。
12,衣领太紧了,衣领太紧了，衣袖长，衣服偏短，不协调
28,吊牌非常精美,吊牌非常精美
28,吊牌齐全,吊牌齐全
12,衣袖口太宽了,衣袖口太宽了，穿着怪怪的
12,有点小有点小,有一件黑衣服有点小，难过
23,是物的优,十几块钱的货  唯一的优点就是物流比别的平台快
23,值，质量的产,实话说这个价位购买两件这样质量的产品根本就不值，如果不是为了京东次日达，不会买这种产品。结果，本地仓库竟然没货，而且花了整整两三天时间才从上海送到。
23,京东次日达根本就不值,实话说这个价位购买两件这样质量的产品根本就不值，如果不是为了京东次日达，不会买这种产品。结果，本地仓库竟然没货，而且花了整整两三天时间才从上海送到。
18,不值根本,实话说这个价位购买两件这样质量的产品根本就不值，如果不是为了京东次日达，不会买这种产品。结果，本地仓库竟然没货，而且花了整整两三天时间才从上海送到。
28,吊牌完好无损,吊牌完好无损
18,图片不符,实物与图片不符，没有商标，去掉吊牌，都不知道是什么牌子的衣服。商品不错，这个价格购买很实惠
5,图样差太远了,实物与图样差太远了，完全没法穿出去见人。
18,照片有点差别,实物与照片有点差别，不认识太理想
12,正常尺码偏大,衣服比正常尺码偏大，准确的来说是偏长
14,爱粘毛,纯棉的衣服，很简单，黑色的爱粘毛！
14,薄的像张纸,薄的像张纸，不值这个价
35,物流速度快 ,试了下 衣服很合身 价格合适 物流速度快  客服有问必答   很不错的一家店 下次还会推荐朋友过来买
31,客服速度很快,其他的不说，客服回复消息速度很快的
32,店铺服务热情负责,我用該产品发现质量好，店铺服务热情负责，快递员送货快。
14,掉毛容易,材质一般，容易掉毛，跟汗水粘在一起。
14,掉毛我去,黑色衣服掉毛啊，我去
14,掉线有点,衣服偏长，有点掉线
17,颜色不错,非常合身，颜色也不错，隔热防紫外线特别好，点赞
14,东西一般,东西一般，线头多得卡拉链
35,物流很快,是否舒适：是尺码大小：合适材质：较好版型：不错物流很快早上下单，下午就到衣服也挺满意
14,东西一般,东西一般吧毕竟价格便宜吗？但是商家发货不认真检查，我收到的货有一件上面有个小洞，我本来想退货的想想又不是很贵就算了吧
14,东西真心一般,东西真心一般
15,材质精梳棉,是否舒适：一般，有点刺感尺码大小：大小合适材质：精梳棉版型：常规款
24,尺寸大小合适,尺寸大小合适，也很透气，颜色也正
24,尺寸合适,衣服很合身，材质丝滑，尺寸合适
14,开线水洗一下,版型很好，拿来后，水洗一下就开线了
28,吊牌信息完整,吊牌信息完整
30,价格不贵,是正品，而且价格不贵，用着也很大气，一直在用，很好??
33,包裹的严严实实的,收到包裹了，包裹的严严实实的，很满意
14,拉链不好用,拉链不好用，感觉很费力，然后也不敢用力
7,客服不回复,收到货，打开就有一个破洞，你们发货的时候不能检查一下吗？都是**的吗？联系你们客服都有四十分钟了，一直说看看，就是不回复，必须差评差差差评，谁买谁上当
30,价钱实惠,收到货了，质量很好，大小合适，面料很舒服，价钱实惠，物流很快
14,拉链不是太好,质量不是太好，拉链太差，容易分开
33,包装也很私密,收到货以后一切都保存完好，老板包装很好，封闭也很私密，
32,客服服务态度点赞,收到老公就试穿了一下，大小挺合适的，他穿着也很好看。客服服务态度点赞。
26,做工精细,收到了，穿着很舒服，做工精细，颜色很正，款式很好看！
24,尺码标准,物流速度很快，质量很好，尺码标准。
26,不起球,收到了，穿着舒服合身，颜色很正，没有色差，洗了不褪色，不起球，款式百搭，很满意的一次购物。
14,毛毛有些难受,刚签收，衣服还合身，就是刚穿起来有些难受，里面有些毛毛
14,毛线还行,收到衣服了，感觉手感还行，还没穿，毛线是有点多，太省时间了，像我肩膀比较宽的人，穿这个还是比较宽松，所以不建议你跟买大一码。
9,订单信息莫名其,收到一个中国联通发来的短信，显示我已经成功订购一个联通王卡，并给我一个莫名的链接，要求我实名认证，但当时我并没有点开，也并没有进行实名认证，显示联通王卡已经成功订购，并且正在配送，然后给我一个网址，显示出订单信息，我感到莫名其妙，因为当时我并没有玩手机，也并没有订购任何东西，不知道订单是哪里来的...
14,面料轻薄,防晒衣面料轻薄，只是封边，可能都没有走线，穿着要小心哦
24,尺码大小刚合适,尺码大小刚合适，面料挺不错的，穿起来也舒服，京东快递就是比其他快递快而且还给送上门，服务很好
24,尺码大小很好,我的身高体重：170mm高，73Kg重。尺码大小：XL面料类型：棉面料质感：很好透气性：很好试穿效果：一级棒
30,防紫外线非常好,手感非常舒适，穿上钓鱼隔热效果，防紫外线非常好，值得购买
35,配送很快,手感很好。配送很快。非常满意的购物体验。
24,尺码大小很好的,我的身高体重：173，58尺码大小：OK穿在里面OK面料类型：合身，舒适面料质感：很好的透气性：我是保暖用的，没太注意的试穿效果：OK
30,保暖,手感特别好，合身，保暖，可以当打底内衣
14,破的有些是,衣服后面有些是破的不过穿的很舒服
14,破了有点无语,洗衣机洗了2次就破了，有点无语 花10块钱补了一下
22,商家退款,买的不是很好，商家退款了
7,售后服务极慢,售后服务极慢，每次问都是当前人多。
7,售后服务太慢了,售后服务太慢了，总是推脱
7,售后客服永远在等待,售后客服永远在等待，永远说在核查，永远推下一个客服，你们服务真让我忍无可忍，网购十几年我第一次给双倍差评！！
8,客服机器人,售后垃圾，客服垃圾，全是机器人回消息，没有人工客服。
10,售后太差了,售后太差了，发错了尺码也不管的
23,尺码发对了,售后太好了，发对了尺码也不管的
10,售后没人管,售后也没人管，网购从来不评价的我，也是无奈了
26,做工精细,舒适度很好，透气性很好，做工精细，包装完整，穿着帅气，大小合适，版型很正。
30,包装完整,舒适度很好，透气性很好，做工精细，包装完整，穿着帅气，大小合适，版型很正。
24,尺码大小很舒服,我的身高体重：174尺码大小：XXL面料质感：很好，厚实试穿效果：很舒服，合身
13,变形,水洗变形，领口太大了。
13,缩水不好,水洗后缩水不好。应该买大一码
24,尺码刚好,衣服很薄，尺码刚好，奈斯，款式也很好看，穿起来很舒服
28,吊牌信息真实准确,吊牌信息真实准确
14,起毛一般,一般，会起毛就这样了
24,尺码刚好合适,尺码刚好合适，不大也不小，面料柔软，穿在身上很舒服，不过衣服没有图案，略显单调，总体来说还是很不错的。赞！
28,牌证齐全,牌证齐全
24,尺码合适,尺码合适，面料柔软舒适，上身效果很好，款式百搭时尚，做工精细，没有多余的线头。
29,上身效果很好,尺码合适，面料柔软舒适，上身效果很好，款式百搭时尚，做工精细，没有多余的线头。
14,起球穿了两天感觉,穿了两天感觉衣服起球了，不知道洗后会不会更严重
33,私密发货不用担心,私密发货，完全不用担心被发现
35,送货很快,送货很快，当天就送到了。
30,南极人多次买,搜出来的商品，买的时候没有看尺寸，买大了，换了货。东西很好，多次买南极人的服装了
14,起球容易,面料类型：棉面料质感：一般，容易起球
15,缩水太厉害了,缩水太厉害了短了一大截
35,物流真的好快,他家的物流真的好快呀，隔天就到了。刚好可以穿着出去玩呢。
18,防晒不太好用,太薄了，不太好用，防晒一般
14,起球有点,布料一般般，还没穿，就看到有点起球，毕竟一分钱一分货吧，总的来说还算可以
5,上身效果太难,太差劲了，上身效果太难看了，买了后悔
18,包装破的,太差了，我也懒得退，京东的东西现在让人这么失望的，来的时候包装都是破的
23,物流更垃圾,太大了，不咋样。物流更垃圾
24,尺码正好,物流很快，防晒衫轻薄舒适，尺码正好，完美的一次购物
24,穿起来非常凉快,衣服收到了，性价比高，穿起来非常凉快，透气很有气质，质量超级棒。
14,然还0斤,尺码偏小，我176 140斤2XL居然还短了，缩水
23,换码太慢了,太一般了，换码太慢了，建议不要买。
24,穿起来非常舒服,衣服收到了，面料质感非常棒，透气性好，穿起来非常舒服
14,绒毛不好弄掉,黑色的款式容易粘上毛绒，最关键的还是粘的绒毛还不好弄掉。
14,碎屑很容易,很容易粘碎屑，灰色那件还好，黑色那件看起来太难受了
14,褪色和起毛容易,材质一般，看着容易褪色和起毛，款式不好看
24,穿起来很柔和,衣服很柔和，软绵绵的，穿起来很舒服。
26,走线很密实,特意穿了好几天来评论的。布料很不错，走线很密实，也不会掉色。穿在身上很舒适，物超所值
9,信息早泄露,天天都接到推销的​ 我的信息早泄露了 
4,吊牌是用别针别上去的,吊牌是用别针别上去的，
24,穿起来很舒服,衣服穿起来很舒服  没有起皱  而且质感也不错  赞
13,微缩缩很多,听商家说只是湿水微缩，事实是缩很多，衣服穿了偏小了
24,穿起来很舒服很合身,衣服不错，穿起来很舒服很合身，给力，值得购买
14,线头粗糙,款式类型：线头粗糙不太满意
35,物流也可以,挺行的哦物流也可以，价
15,旧的一般,挺一般的，感觉是旧的给我
9,电话号码什么东西都知道,通过我在拼多多买东西，打电话给我，跟我说了我的名字，电话号码和我买的什么东西都知道，说我的快递因为疫情要催毁，给我补偿，
9,私自扣钱,通审核通过，让我往卡里存三百块钱，以证明有还款能力，刚存进去，就被对方私自扣钱买会员，也不下款
24,穿起来舒服,物流相当给力，衣服穿起来不仅舒服而且料子质量都特别好，打算再买几件过夏
24,穿起来挺舒服,物流很快，快递员态度很好，衣服穿起来挺舒服的，软软的，很合身
23,递没出错，,同样的码数，大小相差那么多，换货等了好几天，快递没出错，不知道商家找的什么快递公司
9,信息偷取,偷取信息，故意后台把账号弄输错，要求加企业通讯，聊天为由交解冻金。
24,穿上超级舒服,衣服收到啦，非常满意物流很快，而且质量非常好穿上超级舒服大小也合适价格也不贵
24,穿上合身,衣服穿上很合身 ，面料柔软亲肤 ，上身效果很好
29,上身效果很好 ,衣服穿上很合身 ，面料柔软亲肤 ，上身效果很好
24,穿上很舒服,衣服收到了，穿上很舒服，棉料的，透气吸汗
24,穿上舒服,衣服布料很柔软，穿上很舒服，衣服布料比较薄。尺码大小合适，现在这个季节做打底衫合适，总体评价不错
24,穿在身上很合身,衣服收到 很好 穿在身上很合身，很凉爽一点不足得热.很满意的一次网购。
24,穿在身上很舒服,衣服穿在身上很舒服，洗了之后这完全不起毛毛，很实惠
18,图片做得太好了,图片做得太好了
24,穿着大小合适,物流挺快的，买的衣服已经收到了，质量很不错的，穿着大小合适。
10,退回去了不退钱,退回去了，为啥不退钱
24,穿着非常舒服,衣服挺好的，非常的轻薄，穿着非常舒服
13,脱水缩小,脱水缩小
30,外出出行很方便,外出出行很方便，整体很满意，今年确实热
35,下的单就到了,外观和商家图片一样，手感很好，是棉质，上午下的单，下午就到了，京东快递就是给力啊。
30,图片一样,外观和商家图片一样，手感很好，是棉质，上午下的单，下午就到了，京东快递就是给力啊。
33,隐私保密的很好,外面看不出来里面装的是什么，隐私保密的很好，这次购物很满意的，
23,发货漏件,晚11月13日晚上6点下单，发货漏件，11月21日晚上6点到手，衣服还行，体验不行?
9,个人信息尽快赔偿,为什么给我发卡号啊，我又没买，请把我的个人信息保存好，谢谢，请尽快赔偿
14,线头都是,和50元两件的差不多，都是线头，白色透明都漏点。凑合吧
18,口袋没个,为什么衣服银白色这么像紫色啊？为什么没个口袋？
17,这么像,为什么衣服银白色这么像紫色啊？为什么没个口袋？
9,个人信息未经本人授权,未经本人授权，强行给自己名下办理通讯卡，从未听说过蓝猫移动，麻烦告知你们公司是怎么拿到我的个人信息的？请做出解释。
5,尺码太肥,我146斤，按照他网页提示应该购买XL尺码。大写的NICE！！！肩宽倒是挺合适的。但是，像穿上了戏袍，袖子、衣服穿在身上飘荡荡的，挽个袖子一会儿就掉下来了，实在太肥。不知道那些在评论区里大赞衣服尺码正好的人是不是衣托儿？不知道那些在评论区
10,换货到现在,我不知道 怎么完成的 换货到现在都没见衣服 京东就这样的吗 10天了
18,正品,我不知道是不是南极人正品，固定衣服的衣板为啥用烟壳，为了降低成本吗？
14,线头多，,线头多，衣服起毛，照片上光鲜丽，实计上不是那么回事。
9,被偷了,我的快递被偷了，我就拿到了一个????
24,穿着很舒服,物流快，大小正合适，质地柔软，穿着很舒服，是纯棉的，建议购买，不错的购买。
24,穿着很舒适,夏天去户外运动，就买南极人防晒衣，这是男款男长袖轻薄透气大码，买了两件，银灰色，冰蓝色，轻薄透气，钓鱼防晒挺好。穿着很舒适。
24,穿着很舒适,衣服面料材质很好，透气性很强，穿着很舒适，价格很实惠
14,线头多处,质量不好，多处有线头，不值得推荐。
9,个人信息怎么泄露的,我都不知道个人信息怎么泄露的，隔段时间就会有几个陌生人加我微信，通过手机号或者微信号搜索的都有，还有一个男的说是从聊天软件的聊天对象那里花钱买到的微信号（他以为是他撩骚对象的，其实给的是我的），搞得我很害怕，不知道怎么泄露出去的，又没什么办法，感觉现在泄露信息的渠道太多了[大哭][大哭][大哭]​
14,线头较多,线头较多，黑色那件还破了，我也是醉了，不过这个价位也就这样了
8,商家恶毒,我都没收到货，每次联系商家都是在说他正在核实查询，然后就没有下文了。我要用世上最恶毒的词汇问候这家店老板一家人。。。。。。
9,电话烦的很,我隔几天就能收到什么手游顾问的电话 烦的很[小电视_发愁]​
32,客服很好,100%全棉，穿的舒服，客服很好，快递给力
23,签收没有拿,我还没有拿快递就帮我签收了
23,两件 为什,我买得一黑一灰 为什么两件都是灰色的 不看顾客的需求吗？
14,线头全是,质量一般，全是线头，颜色没有描述的好
14,线头仍有,商家换货，改善破损，仍有线头等，
28,吊牌有原,有原包装吊牌
24,穿着特别舒服,衣服穿着特别舒服，特别薄，防晒效果特别好，喜欢的朋友可以下单购买哦
14,线头一般般,一般般，没想象的好，线头好多，还有各种黑色小点，仔细看不是脏污，就是布料问题，掺进去黑色线啦
14,线头一堆,买了先别穿，洗两遍，能洗出一堆线头
10,要我买买单心情都不好了,我下了两个订单，因为是两件装，实际应该是四件，结果实际我只收到两件！！！然后联系客服，联系了几天，她最后跟我说发了四件，我真的服了，京东现在是越来越不把消费者当回事了，真的气愤，明明是他们的问题，到最后却要我买买单，客服永远解决不了问题，钱真的不多，只有100，但真的让人几天的心情都不好了，最后说补偿我21消费券，我要的是消费券吗，我要的是我的衣服！！！！！！
23,联系好难,我想知道和你们联系，我在这里收货好难，我这里只有邮政的才能寄过来。
9,个人信息,我需要删除个人实名认证信息，ibox隐私协议里写了可以删除个人信息，可发送邮件后，表示不可删除，后续还发过几次邮件，并附截图，对方没有再回复过，客服电话也从未打通过。现请求平台帮助，要求解绑我的银行卡，删除实名认证等个人信息。
14,线头有点多,材质还行，就是穿起来脖子附近有点难受。线头也有点多，送来的时候黑色的上面好多灰。无语
9,信息泄露个人信息,我要求你们快递公司给我一个道歉，凭什么你们却泄露我的信息，电话？你们公司就这样泄露个人信息的？我不理解，快递公司不应该当保护用户的个人隐私问题嘛？
14,线头有点多了吧,大小合适，也很薄很舒适，但这线头有点多了吧？还有这标签，是发货量太大了吗，直接放袋子里的。着急出门先将就着穿了吧。
24,穿着挺舒服,衣服挺好穿着挺舒服物流也很快虽说花钱多了点的确值
9,信息恶劣的影响,我已多次收到这样的订房信息 而且都是同一家酒店发出 这给我带来了十分恶劣的影响 希望能快速处理
35,送货快。,我用該产品发现质量好，店铺服务热情负责，快递员送货快。
32,客服很好,100%全棉，穿的舒服，客服很好，快递给力
9,个人信息没有接到任何,我于今年4月份这样电话联系了圆通快递公司。明确表示要求快递公司，把我的个人信息给隐藏，当时圆通客服说 我们的客服信息都是隐藏的，别人是看不到的，可我在8月18号收到2个件 一个是隐藏了，另外一个是完全暴露。同时也把这事反馈给圆通快递了 对方说会去查 也生成了投诉单.目前 没有接到任何的反馈
9,信息怕商家报复,我在美团点了个单子，商品有问题我匿名评价怕商家报复，我没有透露过任何信息，商家查到了我个人信息，有两种可能，1.是商家自己卡了平台的bug查到了我个人信息，2.还有一个种特殊渠道，商家通过美团买我个人信息，我觉得无论哪种情况美团方都有不可推卸的责任！我现在个人信息被透露心里很不安全，怕商家报复我，请美团...
9,邮箱被泄露,我之前在毕业双选会上投简历，简历上只留了我的邮箱，然而我的邮箱就被泄露卖出去了，一直收乱七八糟的广告(´･_･`)​
18,降价,我昨天收的货 你今天就降价啊
9,身份证无缘无故,无缘无故发了条短信称：美团预定了酒店，让携带身份证报本人姓名入住，而我并没有预定过，严重怀疑美团泄漏了我的个人信息，请尽快解决。
23,货，物流,五月17号下单，预计18号到货，等了九天才收到货，物流很快，建议购买
23,物流比较慢,物流比较慢！不符合京东的印象，质量材质差，没有版型
5,版型没有,物流超级慢！不符合京东的印象，质量材质差，没有版型
24,穿着挺舒适的,衣服穿着挺舒适的，尺码也很合适，好评
35,物流非常的快,物流非常的快非常的薄，非常的凉快
35,物流非常快,物流非常快，收到货试穿了一下，大小合适，做工也比较好，纯棉的吸汗，秋冬季节当个打底衫穿非常不错
26,做工比较好,物流非常快，收到货试穿了一下，大小合适，做工也比较好，纯棉的吸汗，秋冬季节当个打底衫穿非常不错
24,穿着也合适,物流给力，衣服质量很好，码数也合适，穿着舒服。
35,物流挺快的,物流还是挺快的，一收到就试穿了一下，质量好，穿着也很合身。
23,物流还行,物流还行，两天就大了，关键是现在买，还有优惠性价比比较高...穿着也舒服，手感比较好...天气有降温。非常不错的
30,价比比较高,物流还行，两天就大了，关键是现在买，还有优惠性价比比较高...穿着也舒服，手感比较好...天气有降温。非常不错的
24,大小刚好合适,衣服大小刚好合适面料摸起来感觉非常好，穿着也很舒服外观时尚，透气性也不错，出去玩不会觉得闷
24,大小合身,T恤面料透气，大小合身，颜色非常喜欢，手感也不错，发货速度非常快。
35,物流很快,物流很快，防晒衫轻薄舒适，尺码正好，完美的一次购物
23,物流很快,物流很快，刚好是本地发货，感觉衣服尺码偏大点
35,物流很快,物流很快，和店家描述的一样，质量非常好，大小合适
30,描述一样,物流很快，和店家描述的一样，质量非常好，大小合适
35,物流很快,物流很快，价格不贵，做工精细，面料质感好。
17,，实物与,物流很快，实物与图片没色差，版型挺正，做工精良，上身效果好，好评
26,做工精良,物流很快，实物与图片没色差，版型正，做工精良，上身效果好，好评
35,物流很快,物流很快，物美价廉，穿起来非常舒适
35,物流很快,物流很快，已经收到了，大小很合适，面料也很柔软，穿着很舒服，这个价格买到很划算了，很满意，有需要还会来
24,大小合适,物流速度很快，包装完好无损，收到宝贝，大小合适，面料穿着舒服，推荐大家购买！
35,物流很快,物流很快，质量很好！穿了在追加评论
35,物流很快,物流很快，质量很好，面料很舒服，大方得体。
24,大小合适,物流速度很快，收到宝贝，大小合适，面料穿着舒服。推荐大家购买！
24,大小合适,衣服上身效果非常不错，大小合适，面料柔软舒适，做工精细，价格合理，个性时尚，手感很好，很满意。
35,物流很快啊,物流很快啊！昨天下午下的单 今天中午就到了尺寸刚好 面料很舒服
24,大小很合适,物流很快，已经收到了，大小很合适，面料也很柔软，穿着很舒服，这个价格买到很划算了，很满意，有需要还会来
35,物流相当不错,物流很快相当不错，相当奈斯，上身效果非常修身，面料也很舒服，一黑一白百搭啊。应该会回购的，值得拥有，挺有弹性的，很满意。
23,物流较慢,物流较慢，很不愉快的一次购物！
35,物流快，,物流快，大小正合适，质地柔软，穿着很舒服，是纯棉的，建议购买，不错的购买。
14,线头有些,衣服很好，很不错。但是有些线头。价格不高也不便宜。毕竟快100了，俩件。材质感觉蛮普通的。也就那样吧，能穿！！！
35,物流速度很快,物流速度很快，包装完好无损，收到宝贝，大小合适，面料穿着舒服，推荐大家购买！
35,物流速度很快,物流速度很快，收到宝贝，大小合适，面料穿着舒服。推荐大家购买！
35,物流速度很快,物流速度很快，物美价廉，很愉快的一次购物，穿上质感很好
35,物流速度很快,物流速度很快，质量很好，尺码标准。
24,合身穿了一下,T恤穿了一下很合身，衣服洗了也不褪色，真不错
35,速度较快,物流速度较快，只是质量太差！
24,里面穿很合适,衣服纯棉  在里面穿很合适   尺码刚刚好
35,度真的真的很快,物流速度真的很快，料子摸起来很舒服
14,线头这个有点多,衣服大小还可以，但是白色这件线头这个有点多，其他还好吧，这个价格也就这样了
35,物流挺快的,物流挺快的，买的衣服已经收到了，质量很不错的，穿着大小合适。
24,凉快,夏天骑车上班太阳太大了，果断做活动买件防晒衣，很轻薄，非常舒服，太阳底下穿着也很凉快，冰丝的。反正穿着还行，经常在太阳下工作的可以考虑考虑
35,物流相当给力,物流相当给力，衣服穿起来不仅舒服而且料子质量都特别好，打算再买几件过夏
24,码大小大小合体,材质：纯棉，手感非常好是否舒适：穿着舒服尺码大小：大小合体版型：版型非常好，下次还会再来
23,物流有点。,物流有点。
23,物流有些龟速,物流有些龟速以后在不要了
30,物美价廉,物美价廉！手感很好！面料很舒服！好评！！！！！！！！！！！！！！！！
24,码也准的,版型：很好看，码也挺准的
14,线头真有点儿多呀,分钱分货的意思么，线头真有点儿多呀
30,物美价廉,物美价廉，很不错的！是买给老爸的，收到以后很高兴，拍了很多自拍，美美的。总体来说大品牌是值得信赖的，款式不错，价格优惠，值得购买！
23,物流太慢,物品质量可以，物流太慢
14,衣袖接口裂开,质量真得一般，其中有一件衣袖接口裂开，因为急着穿，就不退换了，拿去加工一下也可以穿，感觉有点小失望，希望卖家后续把好质量关。
9,个人信息,希望黑猫投诉能帮帮忙 第四十六条 个人发现其个人信息不准确或者不完整的，有权请求个人信息处理者更正、补充。个人请求更正、补充其个人信息的，个人信息处理者应当对其个人信息予以核实，并及时更正、补充。
14,造工有点差劲,造工有点差劲了，线头两下掉光了
28,吊牌也在,鞋子完好，吊牌也在，
15,掉色,洗的时候衣服掉色
14,沾灰了太容易,黑色的太容易沾灰了
14,粘毛比较容易,衣服不太透气，比较容易粘毛
14,粘毛的很,质量一般，黑色的很粘毛，已经丢了
14,粘毛还会,简直了，一样的号码，黑色的比白色的要小很多，而且黑色的掉色严重，还会粘毛
14,粘毛容易,贴身舒适型一般，还容易粘毛。
14,针线头一般,初次打开看了下，一般，针线头残余加粗糙，几条长长的线头还漏在外面。质量有待后续检验。感觉不值这个价。。。
14,质计也不怎么,穿了两水了再来评价的，这款防晒衣穿在衣服上挺舒服的，也能有效防晒，而且衣服也很轻盈，但做工有点儿粗糙，质量估计也不怎么好，同样的价格在别的网站上可能能买三件了。
13,缩水,洗了皱巴巴，还缩水了
13,洗两次变大了,洗两次变大了
14,质量不好,质量不好，穿了几次衣服就烂了
14,质量不尽人意,质量有点不尽人意，款式倒是不错
14,质量不强,衣服样子可以质量不强
14,质量不太好,收到货了几天拆出来一看质量不太好
14,质量不怎么样,白色衣服质量不怎么样，黑色还可以，客服是个小学生
24,试穿大小合适,衣服收到了，物流速度很快，试穿了下大小合适，感觉质量还算可以，穿着起来还算是舒服的
24,手感也不错,T恤面料透气，大小合身，颜色非常喜欢，手感也不错，发货速度非常快。
5,设计有问题,先不说这个材质怎么样把，这个产品可能设计有问题，根据客服的解释是这样，宽松的款式，宽松到袖子可以165/150的身材2个手臂都可以穿了，
5,款式太差了,先不说做工与颜色，款式太差了！太差了！
18,南极人差的多,现在买到的南极人比前几年的差的多，不再买了。
24,舒服穿起来,T恤收到了，穿起来很舒服，不起球的面料，京东自营质量一直都给力
14,质量到是还可以,衣服质量到是还可以
14,质量很一般,价格相比质量很一般，穿两次行了
14,质量可以,物品质量可以，物流太慢
30,方便特别,相当不错，洗的时候特别方便，而且很快就干了
32,客服态度好，,我给孩子买的开学穿，买大啦，退了又换得，客服态度好，商家也很给力，然后我又买小一号的 ，不是特薄很满意。
14,质量没有想象的好,质量没有想象的好，还不如在地摊上买的
9,个人信息泄漏,泄漏个人信息给第三方，已爆通讯录发短信威胁恐吓骚扰自己及家人同事亲戚朋友
9,个人信息严重,泄露个人信息   给村委会级本人家人朋友造成严重的生活不便
9,个人信息欺诈,泄露个人信息，诽谤他人，传播虚假信息，欺诈。
9,虚假信息欺诈,泄露个人信息，诽谤他人，传播虚假信息，欺诈。
9,个人信息泄露,泄露个人信息，让第三方催收打电话威胁我，平台道歉
9,个人信息严重困扰,泄露个人信息法  爆通讯录  打电话到公司  给我个人生活工作造成严重困扰  无法正常上班   要求停止骚扰打电话到公司   道歉
26,做工非常精致,性价比非常高?，可以放心购买?，做工非常精致?，值得购买?！
30,遮阳效果不错,性价比高，穿着很透气，遮阳效果不错，钓鱼骑车跑步都很好
5,图标印歪了,胸前的图标印歪了
5,袖口,袖口比裤口都大
17,袖囗宽，,袖囗宽，弹力差
17,袖子太大,袖子太大，
5,袖子像水桶,袖子像水桶，质量也不好，差差
24,舒服穿上,t恤收到了，质量很好，款式很好看，穿上很舒服。
5,宣传不一致,宣传和产品不一致 买的两件一样的 收到货两件手感完全不一样 连顶部logo都不一致 明显一件好一件差
14,质量一般,白色衣服颜色泛黄，不是纯白，质量一般
8,态度很差,选个邮政，送货好多天，到了南昌后五天才送货，还不支持退货，服务态度很差
10,退货不支持,选个邮政，送货好多天，到了南昌后五天才送货，还不支持退货，服务态度很差
14,质量一般,南极人的睡衣一定要买大几码，因为上次买的缩水了，质量一般吧像是麻的，不建议南极人买睡衣再也不买了
24,舒服穿上就很,冰冰凉凉，穿上就很舒服，贼啦凉快，做工也可以的，
30,很方便,炎热的夏天，防晒服是必备用品了，材质轻薄又防晒，折叠起来只有拳头大小，很方便。
5,颜@差比较大,颜@差比较大，慎买
5,颜@差差有点大,颜@差有点大，上身效果大打~，说好的银灰色，然而是偏亮蓝色，给爸爸买的，他不是很满意，这色差太大了，苹果原相机拍的，这个颜色显得太年轻化了，不太适合，总之色差是真的大！！！颜色差评，其他还好。尺码合适薄厚程度：可以这是卖家图和上身图比较太鲜亮了
17,颜色比较正,颜色比较正，上身效果很好，没有瑕疵，款式设计潮流，尺码标准，面料柔软，五星好评。
29,上身效果很好,颜色比较正，上身效果很好，没有瑕疵，款式设计潮流，尺码标准，面料柔软，五星好评。
5,颜色不白,颜色不白，发黄的白色
5,颜色不符,颜色不符，偏大
17,颜色凑活,颜色凑活   透气性强   性价比高   值得购买
17,颜色还行吧,颜色还行吧
5,颜色偏差,颜色偏差，没有以前材质好了
5,还行，还行,样式还行，就是这个质量不敢说了，还没试穿就这样了。
14,质量一般般,质量一般般的东西，就那么穿穿吧，不讲究的人可以买
14,质量真的太一般,质量真的太一般
17,设计一般,一般 ，这衣服设计有毛病
18,晒般，,一般，不知道到底能不能防晒
14,质量真心算不上好,衣服不咋地  跟爆款的内衣差不多   质量真心算不上好
15,质感一般,一般，没什么质感，，
24,舒服穿着,t恤收到了，做工非常精细，面料是纯棉的，很柔软穿着非常舒服，老公和两个老爸一人一件，价格也特实惠。
24,舒适穿着,穿着舒适，材质柔软，版型很好，京东购物方便、快捷！
13,缩水严重,一般吧，毕竟这个价！建议买大一码因为缩水严重，要不然洗一次后就变太短了
15,面料一般般,一般吧，面料和做工都一般般。
29,版型比较宽松,材质：棉的，贴身好穿版型：比较宽松有防伪标牌，包装很好，值得购买。
29,版型纯色,材质：很舒服版型：纯色，百搭各种穿搭
29,版型都很好,尺寸大小合适，纯棉，舒适度、版型都很好，下次再来买。
29,版型非常好,材质：纯棉，手感非常好是否舒适：穿着舒服尺码大小：大小合体版型：版型非常好，下次还会再来
24,舒适穿着,穿着舒适，物美价廉，感谢京东商城物流服务
15,布料一般般,一般般，没想象的好，线头好多，还有各种黑色小点，仔细看不是脏污，就是布料问题，掺进去黑色线啦
29,版型还可以,版型还可以，颜色很正，面料舒适，同事也很喜欢，准备推荐。
17,颜色不正,一般般，颜色不正
24,透凉不闷热,衣服穿起来很舒服，防晒效果挺好的，透凉不闷热
15,变形严重,一般般吧，洗了两次越穿越松，不贴身，挽过几次袖子过后袖口已经严重变形了，失望
24,透气性比较好,衣服很薄，透气性比较好。夏天再也不怕晒黑了。
29,版型好，,版型：好，是否舒适：穿起舒适尺码大小：小合适 快递很快，服务满意
24,透气性不错,我的身高体重：178尺码大小：l透气性：不错，很透气试穿效果：舒适
7,客户没人回复,一个半月没有收到货，都自动确认到货了，问客户没人回复
24,透气性非常棒,我的身高体重：170尺码大小：L面料类型：非常棒面料质感：非常棒透气性：非常棒试穿效果：非常棒
14,做工非常一般,做工非常一般，肩膀像有翅膀一样上翘
7,客服,一个星期我都没收到货，今天催促客服好多次，下午竟然显示订单已完成待评价，客服一路就是查查记录都没有实际性的回复。你们这般神操作不知道怎么说了
17,颜色不一样,一件颜色不一样
4,吊牌不一样,吊牌与内标不一样
18,正品应该,一件正品，一件应该正品。
29,版型好看,尺码大小合适 穿上也舒服 做工很不错 没有多余的线头 版型好看 非常喜欢
33,隐私一点都看不出来,一开始担心隐私问题，拿到的时候一点都看不出来里面装的什么，真的是太好了
8,态度差，,一起下单买了两件，一件质量有问题，客服态度差，
5,袖口这么大啊,一星都不想给，穿了两天，我想问问你家衣服袖口撑的这么大啊
24,透气性很好,衣服很舒服，透气性很好
23,物流有点慢,一星都不想给，物流有点慢了，七天才到
29,版型好看,简洁时尚，版型好看，做工精细，上身很合身，尺码标准，颜色和图片效果一样，面料摸起来很舒服
30,京东自营喜欢,一直以来都喜欢在京东自营购买商品，质量有保证，售后有保障，物流也是相当快，很不错的购物体验！
24,透气性很强,衣服透气性很强，面料材质很好，做工精细，没有线头
5,领口老汉衫,一直在京东购物，感觉自营商品质量有所下降。衣服上有很多黑点、还有异味像旧衣服，领口大的像背心整个一老汉衫。
29,版型很好,穿着舒适，材质柔软，版型很好，京东购物方便、快捷！
5,版型不正,衣服版型不正，整个衣服是斜着的，穿在身上很难受
24,透气性极佳,透气性：极佳试穿效果：很好面料质感：舒服尺码大小：很合身
24,透气性能非常的好,透气性能非常的好，面料不错，穿上正好合身
15,缩水严重,衣服不错，就是缩水比较严重，建议买大一号的衣服，白色缩水严重
20,客服要听,衣服不错，要听客服的话，不然尺码会大！
26,做工都很好,衣服不错，做工、面料都很好，这是第二次买了，需要的朋友可以下单。
17,版型还行,衣服不错，做工精细，版型还行，卖家服务很好
26,做工精细,衣服不错，做工精细，版型好看，卖家服务很好
29,版型很好看,版型：很好看，码也挺准的
24,衣服很薄很透气,衣服很薄很透气，穿在身上挺舒服的，还会再回购
10,返现醉了,衣服才第二天就破了，客服让返现修补，衣服补好后却不给返现，遇到这种事情也是醉了！
25,不缩水,衣服材质很不错，以前穿的正好洗过之后不缩水，原来也比较舒服，纯白色，这样可靠的可以购买我一次购买了两件重要的打底。京东方便
24,衣服很合适,衣服很合适，性价比也超高，建议购买，舒适度也适中
5,颜色不对,衣服尺寸不准偏小，颜色也不对
30,描述一致,衣服尺码，颜色与描述一致，面料舒适，物流速度快，很满意的一次购物
24,质量合体,我试了试，体恤衫质量很不错，柔软舒适 合体，我感觉满意的。
14,做工很一般,质量一般，做工很一般，价格略微有点贵，但风格简约实用。
14,做工一般,尺码不合适，做工一般！
14,做工一般般,一般吧，面料和做工都一般般。
29,版型很正,是否舒适：很舒适尺码大小：刚刚好材质：很柔软版型：很正，推荐大家放心购买，非常赞?
14,做工有点儿粗,穿了两水了再来评价的，这款防晒衣穿在衣服上挺舒服的，也能有效防晒，而且衣服也很轻盈，但做工有点儿粗糙，质量估计也不怎么好，同样的价格在别的网站上可能能买三件了。
14,做工有点儿粗糙,穿了两水了再来评价的，这款防晒衣穿在衣服上挺舒服的，也能有效防晒，而且衣服也很轻盈，但做工有点儿粗糙，质量估计也不怎么好，同样的价格在别的网站上可能能买三件了。
27,100%全棉,100%全棉，穿的舒服，客服很好，快递给力
27,不褪色洗了,收到了，穿着舒服合身，颜色很正，没有色差，洗了不褪色，不起球，款式百搭，很满意的一次购物。
27,布料很不错,特意穿了好几天来评论的。布料很不错，走线很密实，也不会掉色。穿在身上很舒适，物超所值
27,布料柔和,纯棉的贴身打底衫，很柔和的布料！值得推荐！
27,材料不错,跟顺丰一样的速度。衣服是正品，有保障，比外面实体店卖的便宜许多，我按照网店里面的选的尺寸，买回来到手试穿了，款式很好看，上身效果非常好，很薄，很适合夏天穿着。材料不错，特别喜欢。小伙伴们值得拥有，穿着清爽啦。
27,材质纯棉,材质：纯棉，手感非常好是否舒适：穿着舒服尺码大小：大小合体版型：版型非常好，下次还会再来
27,材质很柔软,材质很柔软，质感很舒服，穿着很合身。物流很快，大爱！
27,材质很柔软,是否舒适：很舒适尺码大小：刚刚好材质：很柔软版型：很正，推荐大家放心购买，非常赞?
29,版型漂亮,半袖面料很好，版型漂亮。下水洗了不变形，不掉色，非常好。
27,材质很舒服,材质：很舒服版型：纯色，百搭各种穿搭
35,到了非常快,衣服到了非常快啊，刚拿到手就上身试了试，
27,材质很舒服,材质：面料很舒服，摸着比较有手感。版型：版型对应恰到好处。
29,版型恰到好处。,材质：面料很舒服，摸着比较有手感。版型：版型对应恰到好处。
27,材质棉的,材质：棉的，贴身好穿版型：比较宽松有防伪标牌，包装很好，值得购买。
27,材质全棉的,是否舒适：很舒适尺码大小：合适材质：全棉的版型：不错的
7,客服没什么用,衣服都没收到就被签收，还不知道谁签收的，找客服也没什么用，都不管，下次不会用这个软件了
27,材质柔软,t恤质量很好是正品，纯棉材质柔软舒适透气吸汗，款式简约大气，尺码标准上身效果很好
29,上身效果很好,t恤质量很好是正品，纯棉材质柔软舒适透气吸汗，款式简约大气，尺码标准上身效果很好
27,材质柔软,材质柔软，穿着非常舒服，做工不错，没有异味，大小非常合适，款式时尚，质量非常棒。
27,材质柔软,穿着舒适，材质柔软，版型很好，京东购物方便、快捷！
17,款式颜色也还好,衣服感觉还可以，款式颜色也还好，大小也合适！
27,材质上乘,材质：材质上乘摸到很柔软不错版型：款式适合各个年龄穿着
27,穿着很舒服,面料质感：穿着很舒服，号码也正常。
27,纯棉,尺寸大小合适，纯棉，舒适度、版型都很好，下次再来买。
17,好看算好,衣服还算好看，大家快来买买买！
29,版型时尚好看,衣服收到了，穿了挺合身的，质量非常好，亚麻面料柔软舒适，版型时尚好看，做工精细，性价比很高
17,设计感较有,衣服好看，较有设计感。传起来真的非常好看，很优雅。
27,纯棉,衣服纯棉  在里面穿很合适   尺码刚刚好
35,觉得很快,衣服很薄，穿上很轻。衣料也还可以，尺码挺合适的，我觉得穿在身上很不错。快递也很快
29,穿在身很不错,衣服很薄，穿上很轻。衣料也还可以，尺码挺合适的，我觉得穿在身上很不错。快递也很快
27,纯棉的,确实是纯棉的，手感很好，物美价优。
27,纯棉很好,t恤质量很好，是纯棉的，尺码也很标准，老公很喜欢
27,纯棉应该是,衣服手感不错，应该是纯棉的，码准。宽松版。本人165
27,纯朴厚实,物美价廉，纯朴厚实，宽松柔软。
27,掉色，不,半袖面料很好，版型漂亮。下水洗了不变形，不掉色，非常好。
27,掉色没有出现,摸着手感就非常的不错，已经下水洗了的，也没有出现掉色的情况。
27,掉色也不,黑色的洗了也不掉色！
35,物流也很快,衣服很好，大小合适，物流也很快，不错不错，下次再来！
32,客服态度很好,客服态度很好，很有耐心的解答问题，然后这个衣服质量的话，这个价钱能发块布就不错了。
29,穿在身上非常的帅气,穿在身上也非常的帅气，面料也很好，做工很精细，没有多余的线头。
29,穿着很好看,收到老公就试穿了一下，大小挺合适的，他穿着也很好看。客服服务态度点赞。
30,京东相信,衣服很好，相信京东品质，春节物流也很快
30,京东方便快捷,衣服很好，值得购买，京东商城网购就是方便快捷质量安全有保障。
27,感觉不错,感觉不错?物流速度很快，不知道穿在身上感觉好不好，黑色的太脏了
27,料子都不错,t恤衫质量很好，有弹性不是特别薄的，做工料子都不错，手感柔软穿着很舒服满意的购物。快递速度昨天下单今天就送到了。
35,收到很快收到,衣服很快收到，做工精细，超出我的预期。
26,做工精细,衣服很快收到，做工精细，超出我的预期。
27,料子很厚实,料子很厚实，打底单穿都很好。信赖京东自营。
25,洗衣机容易谢,衣服很舒服，价格便宜，也不心疼，洗衣机洗容易谢
15,掉色略微,衣服厚了点，略微有点掉色。
27,料子摸起来很舒服,物流速度真的很快，料子摸起来很舒服
35,快递务周到、速度快,衣服看上去作工精致，手摸上感觉不错，价廉物美。京东快递服务周到、速度快。
26,作工精致,衣服看上去作工精致，手摸上感觉不错，价廉物美。京东快递服务周到、速度快。
17,款式不好看,衣服款式不好看领口太大了，不合身有点松垮
7,客服联系不上,衣服辣鸡的不得了'还联系不上客服'根本没有人工服务'辣鸡
27,料子也好,面料质感：穿上刚刚好，，很舒服，料子也好，摸着手感不错
23,快递速度还可以,衣服没收到，快递速度还可以
18,口袋没有,衣服没有口袋 拍时候注意
5,颜色不对,衣服没有口袋 银灰颜色不对 银灰色衣服偏红 辣鸡
18,口袋不方便,衣服没有口袋，不方便
27,面科质感很好,刚收到，尺码大小合适，面科质感很好，商家发货挺快，不错???
27,面料纯棉,纯棉面料，穿着舒适透气，尺码标准合适，款式简洁大方，很赞
30,性价比很高,衣服摸着手感很好，穿在身上很好看，很洋气，哈哈，布料摸着是纯棉的，穿着很舒服，性价比很高。
27,面料纯棉的,t恤收到了，做工非常精细，面料是纯棉的，很柔软穿着非常舒服，老公和两个老爸一人一件，价格也特实惠。
27,面料纯棉的,尺码刚刚好，还不错！面料是纯棉的，很舒适的！
26,线头没有多余,衣服前几天就收到了，衣服摸着很柔软，没有多余的那种线头，洗了后没有缩水，质感还不错。
25,缩水没有,衣服前几天就收到了，衣服摸着很柔软，没有多余的那种线头，洗了后没有缩水，质感还不错。
27,面料非常棒,衣服收到了，面料质感非常棒，透气性好，穿起来非常舒服
27,面料非常好,面料质感：衣服非常好，面料摸着很舒服
27,面料非常满意,面料类型：非常满意
27,面料非常舒服,款式很新颖，做工精致，面料摸起来也非常舒服，大小试穿了一下很合适，没有色差
23,配送没有丢货,衣服上面比较脏，配送没有丢货了。
23,衣服上面比较脏,衣服上面比较脏，配送没有丢货了。
26,做工精细,衣服上身效果非常不错，大小合适，面料柔软舒适，做工精细，价格合理，个性时尚，手感很好，很满意。
27,面料好，,全棉T恤，面料好，物美价廉，上身效果不错。
29,穿着时尚得体,面料柔软，做工精细，款式新颖，穿着时尚得体，值得信赖的品牌，5分好评
26,做工很好,衣服收到了，穿了几天才来评价的，做工很好，没有多余线头，穿着很舒服
26,做工精细,衣服收到了，穿了挺合身的，质量非常好，亚麻面料柔软舒适，版型时尚好看，做工精细，性价比很高
27,面料很好,我的身高体重：165  65尺码大小：l面料质感：很好面料类型：棉的
27,面料很很好,衣服面料很好，摸着很舒服，穿着身上很漂亮，很透气
29,很好看,很好看，穿着很舒服，面料不起，球很满意，上身效果非常好，做工精细，款式时尚百搭。
27,面料很舒服,物流很快，质量很好，面料很舒服，大方得体。
35,速度很快,衣服收到了，物流速度很快，试穿了下大小合适，感觉质量还算可以，穿着起来还算是舒服的
27,面料很舒服,物流很快啊！昨天下午下的单 今天中午就到了尺寸刚好 面料很舒服
27,面料很舒服,物流很快相当不错，相当奈斯，上身效果非常修身，面料也很舒服，一黑一白百搭啊。应该会回购的，值得拥有，挺有弹性的，很满意。
27,面料很舒服,衣服面料很好，摸着很舒服，穿着身上很漂亮，很透气
25,掉色缩水没有,衣服收到了穿的很舒服，摸起来很舒服，洗过后没有掉色缩水，性价比超高
26,做工精细,衣服收到了很满意，链料子很舒服，价格实惠做工精细推荐购买。
27,面料类型纯棉,面料类型：纯棉，满意。
26,手感不错,衣服手感不错，应该是纯棉的，码准。宽松版。本人165
29,看起来挺漂亮,看起来挺漂亮，效果很好
27,面料摸起来感觉也很好,衣服大小刚好合适面料摸起来感觉非常好，穿着也很舒服外观时尚，透气性也不错，出去玩不会觉得闷
27,面料摸着舒服,面料摸着舒服，做工精细，没有多余的线头，物流速度很快，上身效果很好，质量很好，版型好看。
29,上身效果很好,面料摸着舒服，做工精细，没有多余的线头，物流速度很快，上身效果很好，质量很好，版型好看。
26,线头没有,衣服透气性很强，面料材质很好，做工精细，没有线头
27,面料亲肤,大品牌，值得信赖，面料亲肤，做工精细，细节用心，很好
13,洗了不变,衣服洗了不变！变大！变大！
5,颜色不正,衣服小，与尺码不匹配，颜色也不正，退了。
17,颜色倒还行,衣服颜色，手摸着料子倒还行，但是没有口袋 不方便。衣领没有牌子不知道为什么？
5,颜色不对,衣服颜色不对，袖子容易扩大
17,颜色不符合,衣服颜色和商家图片不符合，和客服沟通，发图片，发视频都是骗人的忙，没诚信的商家合作，差，差，差
17,颜色有出入,衣服颜色与照片有出入
17,样子可以,衣服样子可以质量不强
27,面料柔软,面料柔软，做工精细，款式新颖，穿着时尚得体，值得信赖的品牌，5分好评
29,款式好看，,t恤收到了，质量很好，款式很好看，穿上很舒服。
18,兜呀怎么没,衣服怎么没个兜呀。这设计也太无语了吧，最起码设计个兜，这也太为了省事了吧。
29,款式很好看,跟顺丰一样的速度。衣服是正品，有保障，比外面实体店卖的便宜许多，我按照网店里面的选的尺寸，买回来到手试穿了，款式很好看，上身效果非常好，很薄，很适合夏天穿着。材料不错，特别喜欢。小伙伴们值得拥有，穿着清爽啦。
10,退货不给退款,退货到货不给退款
23,发货一大一小,衣服质量不评价，发货人请长点心，拍同款大小尺码，发两件一大一小也是佩服
17,型的完全没有,衣服质量差，完全没有型的。买回来都不想穿
29,款式简单好看,款式简单好看，衣服质量不错，穿着挺帅气的，料子很好。
5,上身效果不怎么样,衣服质量还行，就是上身效果不怎么样，特别是两只袖子太肥了，袖口还特别大。
7,客服不上,衣服质量很不好，开线出逢，练习客服不上，标准的无奈。
4,吊牌没有标注,商品详情页没有标注是否有无吊牌
29,款式简洁大方,纯棉面料，穿着舒适透气，尺码标准合适，款式简洁大方，很赞
27,面料柔软舒适,T恤收到了，质量很好，做工精细，面料柔软舒适，上身效果很好。
29,上身效果很好,T恤收到了，质量很好，做工精细，面料柔软舒适，上身效果很好。
7,联系不睬,衣服质量很差、并且脏的联系也不睬
27,面料柔软舒适,尺码合适，面料柔软舒适
22,问题都解决了,出现了一些问题，不过都解决了
32,客服态度很好,客服羊羊服务态度很好，很有耐心，好评
27,面料柔软舒适,衣服收到了，穿了挺合身的，质量非常好，亚麻面料柔软舒适，版型时尚好看，做工精细，性价比很高
29,版型时尚好看,衣服收到了，穿了挺合身的，质量非常好，亚麻面料柔软舒适，版型时尚好看，做工精细，性价比很高
26,版型时尚好看,衣服收到了，穿了挺合身的，质量非常好，亚麻面料柔软舒适，版型时尚好看，做工精细，性价比很高
18,京东太差,衣服质量太差，有损京东的口碑
7,客服人员爱答不理,衣服质量特别差。客服人员还是爱答不理的，也不第一时间处理问题。拖着时间给你耗着
18,口袋没有,衣服质量一般，衣服没有口袋，商家服务态度真差，货发之前再三确认，还是发错货，无语了，说好赔偿1～3个工作日，可是就是不搭理你，问一句，半天不回复，可是后面来了节假日，一直弄了一周才赔，真是无语了。再也不见了
8,商家服务态度真差,衣服质量一般，衣服没有口袋，商家服务态度真差，货发之前再三确认，还是发错货，无语了，说好赔偿1～5个工作日，可是就是不搭理你，问一句，半天不回复，可是后面来了节假日，一直弄了一周才赔，真是无语了。再也不见了
19,回复不搭理你,衣服质量一般，衣服没有口袋，商家服务态度真差，货发之前再三确认，还是发错货，无语了，说好赔偿1～5个工作日，可是就是不搭理你，问一句，半天不回复，可是后面来了节假日，一直弄了一周才赔，真是无语了。再也不见了
29,款式简约百搭,T恤质量很好，面料柔软舒适，款式简约百搭，穿着好看。
27,面料舒适,版型还可以，颜色很正，面料舒适，同事也很喜欢，准备推荐。
27,面料特别的柔软,面料特别的柔软，透气性也很好。好评
27,面料挺好的,面料质感：挺好的，衣服没有很大味道
27,面料透气,T恤面料透气，大小合身，颜色非常喜欢，手感也不错，发货速度非常快。
26,穿了几天不起球，也不皱,已经穿了几天，不起球，也不皱
10,退款到现在,已经网上退货，到现在还不退款。自己也不跟踪！！！！
7,发货差不多一个礼拜,以把控质量为由，差不多一个礼拜才发货，结果还是件烂的
33,隐私保护实在是太好了,隐私保护做的实在是太好了，保护买家隐私。
4,吊牌全新衣服,全新衣服没吊牌
29,款式简约大方,款式简约大方，面料舒适，宽松版型，穿着凉快，大小合适，整体效果很好。
24,面料舒适,款式简约大方，面料舒适，宽松版型，穿着凉快，大小合适，整体效果很好。
15,味道臭臭,有点臭臭的味道，布料一般
29,款式简约大气,t恤质量很好是正品，纯棉材质柔软舒适透气吸汗，款式简约大气，尺码标准上身效果很好
24,尺码标准,t恤质量很好是正品，纯棉材质柔软舒适透气吸汗，款式简约大气，尺码标准上身效果很好
29,上身效果很好,t恤质量很好是正品，纯棉材质柔软舒适透气吸汗，款式简约大气，尺码标准上身效果很好
27,面料透气性强,面料质感：透气性强，贴身打底很舒服，面料舒适。
13,缩水有点,有点缩水
8,客服只有自动回复,有黑点，找客服就只有自动回复设置。无语
29,款式类型非常好,我的身高体重：178cm。正好。款式类型：非常好。上身效果：非常不错。薄厚程度：正好。材质类型：不错。
27,面料推荐,面料质感：可以，推荐，穿在身上很舒适
24,穿在身上很舒适,面料质感：可以，推荐，穿在身上很舒适
5,板形差得没朋友,又一次买南极人，又一次失望，这衣服的板形差得没朋友了，袖口开得像裤脚，还短一截，身体必须长成手短，身短，但身体要宽，南极人真的是劣质品的代名词。
29,款式漂亮,款式漂亮，做工精细，面料柔软，质量很好，不起球不掉色
29,款式时尚,材质柔软，穿着非常舒服，做工不错，没有异味，大小非常合适，款式时尚，质量非常棒。
27,面料质感贴身柔顺,我的身高体重：170，70。尺码大小：L面料质感：非常贴身柔顺面料类型：棉
8,态度敷衍,与商家联系好数量和各衣服尺码，依然发错。客服解决问题态度敷衍。
5,颜色不符,与图片颜色不符，@啊这是
29,款式适合各个年龄穿着,材质：材质上乘摸到很柔软不错版型：款式适合各个年龄穿着
9,信息泄露,韵达快递泄露了我的快递单号和物流位置信息，有心之人利用该信息谎称丢件，要引导我对快件进行丢件理赔处理。
9,隐私没有,在差评区看了一圈发现不是我一个吐槽他家包装没有隐私。
9,短信,在该店铺下单后就使用私人号码给我本人发送短信
9,个人信息,在没有经过本人允许、授权下，强行投保飞铁保PIUS，想知道怎么得到的个人信息？
27,摸起来很有质感,摸起来很有质感，穿起来也挺不错，尺码标准！送货送货速度很快！
24,尺码标准,摸起来很有质感，穿起来也挺不错，尺码标准！送货送货速度很快！
35,送货送货速度很快！,摸起来很有质感，穿起来也挺不错，尺码标准！送货送货速度很快！
27,摸着手感不错,面料质感：穿上刚刚好，，很舒服，料子也好，摸着手感不错
9,电话太吓人了,诈骗电话，知道去过广州，说我主卡手机号涉嫌发有关yq问题。还知道本人身份证，太吓人了。报警吧。​
29,款式挺好的,款式挺好的，唯一可惜没有口袋，
8,人工服务机械式回复,，找他家的人工服务还**都是机械式回复。都是那几句。
29,款式新颖好看,款式新颖好看，值得购买，有喜欢的可以下单，真心不错，推荐?
29,色差没有,版型好，没有色差，显瘦，百搭，上身效果好。。
17,颜色灰中带粉,这个颜色灰中带粉，根本不是银灰
15,质感粗糙,这个质感粗糙又很薄啊
13,开线洗一次,这个质量不说了，洗一次就开线了
9,电话肯定又被卖了,这几天我接了好几个手游推广的电话，我就觉得我肯定又被卖了​
29,色差没有,收到了，颜色很正，没有色差，款式百搭，很满意的一次购物。
5,老气,这叫T恤？我看应该叫老年背心吧 给我爸穿都嫌老气 跟图片色差相距太大
9,骚扰电话,这两天接到十余个骚扰电话，接通都是升学教育退费的，当初报名工作人员力推贷款
24,摸着手感非常的不错,摸着手感就非常的不错，已经下水洗了的，也没有出现掉色的情况。
27,没有出现掉色,摸着手感就非常的不错，已经下水洗了的，也没有出现掉色的情况。
27,全棉,计划今天送达，昨晚快递小哥就送到了，很快。确实全棉，柔软舒适，薄厚适中，试穿大小也合适，愉快的购物体验。
27,全棉舒服,T恤衫是全棉的，穿着舒服，做工比较精致，没有多余的线头，上身效果很好看，时尚百搭
26,做工比较精致,T恤衫是全棉的，穿着舒服，做工比较精致，没有多余的线头，上身效果很好看，时尚百搭
29,上身效果很好看,T恤衫是全棉的，穿着舒服，做工比较精致，没有多余的线头，上身效果很好看，时尚百搭
18,防晒能力一般啊,这玩意儿防晒能力一般啊，真是晒死我了
5,版型还能再大点嘛,这袖口还能再大点嘛？？！！版型师脑袋了！
5,图片差别有点大,这衣服好像跟图片差别有点大，图片果然只供参考
29,上身效果不错,物美价廉，上身效果不错。
15,面料一般般,这衣服面料  只是一般般而已没有那么光滑  穿着还行
17,塑料感,这衣服透着浓浓的塑料感，low
5,衣服好难看,这衣服真的好难看
27,是纯棉,是纯棉的！
29,上身效果非常不错,上身效果非常不错，个性时尚，很满意。
29,上身效果非常好,上身效果：非常好
5,好难看,一件大，一件小，好难看
5,颜色垃圾,真的服了，衣服都送错了，我都搞不懂那么明显颜色都看不出来，垃圾。
29,上身效果非常舒服,上身效果：非常舒服，款式类型：很时尚穿着出门很帅气
4,吊牌漏发,得物检验不合格+漏发商品吊牌
27,是真材实料,是真材实料，好评。
8,机器人最生气,真的是最生气的一次购物，东西都没有收到，上面显示已签收，问客服两天都是一直都是机器人给我服务
17,看起来廉价塑料感,皱巴巴的，看起来比雨衣还要有廉价塑料感，不太想穿出去
29,上身效果好极了,上身效果好极了推荐购买。
7,客服无人应答,真是垃圾，买完就降价，有问题找客服无人应答。
33,隐私的工作做的很好,隐私的工作做的很好，大家可以放心买
29,上身效果很不错,上身效果：上身效果也很不错
18,口袋不好放,只能说太会省了 好歹配个口袋 放个东西就不好放
13,变形一般般,只能说一般般，白色的比较差，没几次就领子变形
23,送货上门不错,质量不错而且会送货上门，听说京东购物都是送货上门的，这点不错
29,上身效果很好,上身效果很好，款式百搭时
29,上身效果很好,给我老公买的衣服，上身效果很好
24,面料摸着舒服,面料摸着舒服，做工精细，没有多余的线头，物流速度很快，上身效果很好，质量很好，版型好看。
26,做工精细,面料摸着舒服，做工精细，没有多余的线头，物流速度很快，上身效果很好，质量很好，版型好看。
35,物流速度很快,面料摸着舒服，做工精细，没有多余的线头，物流速度很快，上身效果很好，质量很好，版型好看。
29,上身效果很好,面料摸着舒服，做工精细，没有多余的线头，物流速度很快，上身效果很好，质量很好，版型好看。
10,退货连续联系两天,连续联系两天了，才同意退货
10,退货不满意,说要补我5元，我没要，想退货，可怜我这里寄快递太困难
5,袖口差,质量不行，袖口就像裤管那么大。差
13,变形洗了两次,质量不咋地，变形了
29,上身效果很好看,T恤衫是全棉的，穿着舒服，做工比较精致，没有多余的线头，上身效果很好看，时尚百搭
27,手感棉质,外观和商家图片一样，手感很好，是棉质，上午下的单，下午就到了，京东快递就是给力啊。
29,上身效果很好看,全棉的穿着舒服，做工比较精致，上身效果好很好看。
26,做工比较精致,全棉的穿着舒服，做工比较精致，上身效果好很好看。
29,全棉的穿着舒服,全棉的穿着舒服，做工比较精致，上身效果好很好看。
5,版型不好,质量非常差，版型也不好，连10元也不值，请勿上当购买
2,质量非常差,质量非常差，版型也不好，连10元也不值，请勿上当购买
29,上身效果也很不错,尺码当然很合适上身效果：上身效果也很不错
29,试穿效果不错,我的身高体重：身高188/体重160尺码大小：大小刚好试穿效果：不错，很合身
29,图案没有,尺码刚好合适，不大也不小，面料柔软，穿在身上很舒服，不过衣服没有图案，略显单调，总体来说还是很不错的。赞！
24,尺码刚好合适,尺码刚好合适，不大也不小，面料柔软，穿在身上很舒服，不过衣服没有图案，略显单调，总体来说还是很不错的。赞！
25,不易变形,质量好不易变形
23,快递准确的送达,不值那个钱，快递准确送达了
12,舒适度一般,质量看着一般，布做的，不带棉，穿身上舒适度一般
16,标签不知道,买了两套同样的货，送来的一套标签是南极人，另一套不知道什么牌子；肩头拼接不顺，有隆起。
16,标签没有,这店铺售卖无吊牌商品
29,大小合适,尺寸大小合适，也很透气，颜色也正
29,颜色也正,尺寸大小合适，也很透气，颜色也正
5,没有型,没有型，头一次在京东买质量怎么差的衣服
29,上身效果好,上身效果好，透气很轻薄，值得购买
29,颜色比较好,颜色也比较好，大小正合适，一句话就是舒服
24,就是舒服,颜色也比较好，大小正合适，一句话就是舒服
5,款式又没,质量太差，又薄又没款式
29,颜色纯正,颜色纯正。很喜欢
5,色差简直不要太大,色差简直不要太大 和我20多买的一样 都是返现好评 这商家有点欺骗的性质
5,很丑,很丑，不值得买
15,磨损严重,袖子收到货就磨损严重
17,白色比较淡,白色比较淡。但凑合凑合得了?
4,吊牌瑕疵,蘑菇街商家售卖无吊牌有瑕疵的衣服且不给退货
17,颜色耐脏,等穿后再来追评，颜色还算耐脏。
29,颜色还算满意,挺好的，颜色也还算满意
6,价格不实惠,质量一般，价格不实惠。新衣服很脏，也就凑合穿吧。
15,新衣服服很脏,质量一般，价格不实惠。新衣服很脏，也就凑合穿吧。
17,灰色不好看,质量一般，就是灰色不好看
23,物流一般,物流一般，7月六号下单，八号才发出来，已经不想吐槽了。
15,面料不够柔软,质量一般，面料不够柔软
29,颜色好看,物美价廉，好评。快递小哥送货上门热情服务。这个价格买到的真防晒衣挺划算的。穿起来尺码很正，衣服贴身，不过建议买大一码。颜色好看。
17,颜色没有,质量一般，全是线头，颜色没有描述的好
2,全是线头,质量一般，全是线头，颜色没有描述的好
13,缩小洗多两次,质量一般，洗多两次感觉有点缩小。
16,标示没有一丁点,说是南极人  上下没有一丁点南极人的标示
15,质量一般,质量一般吧，赶紧质感不行，会粘毛，不值这个价。
16,吊牌涂改,吊牌被涂改了
17,款式类型,款式类型：衣服穿身上感觉一般般
17,款式倒是不错,整体来看款式倒是不错
23,物流不算慢,物流不算慢，都是淘宝系
29,颜色很正,收到了，颜色很正，款式很好看！
2,质量值不起,质量值不起买的价钱，快递还行
23,还行快递,质量值不起买的价钱，快递还行
9,信息泄露要求处理,重庆美团三快小额贷有限公司把自己信息泄露给三方催收，三方催收在可以联系到自己情况
9,信息莫名其妙,自己的菜鸟APP多了很多莫名其妙的快递，且查询不到任何信息
27,异味没有,宝贝收到，非常满意，打开没有异味，
5,看着还是不错,总体来说看着还是不错
15,脏东西看不见,总体来说一般吧，黑色的一件看不见脏东西，但是白色这件就看着很明显，如图所示，上面的脏点点弄不掉。还偏大
27,质感也蛮好,质感蛮好的，总体感觉还不错，很满意
29,颜色可以选择,颜色也有好几款可以选择～～总有一款适合你的
5,袖口太大,做工差袖口太大一点也不好
16,吊牌不一样,怀疑买到了假货，吊牌不一样
29,颜色也很喜欢,对这个衣服的颜色也很喜欢
26,做工还可以,做工还可以，不错的哈
29,颜色也很正,看了很久这个防晒衫，最终选择了这个，很好用，颜色也很正，是我喜欢的颜色。
4,吊牌根本没有,我买了2件衣服有一件根本没有吊牌商家觉得是正常的太气人了
4,吊牌没有,商家收到商品告知商品没有吊牌拒绝退款，本人收到也没有吊牌
4,吊牌没有,衣服没有吊牌欺骗商家
4,无吊假货,购买奢侈品包包，无吊牌售假货！
4,吊牌价低于售价,产品吊牌价低于售价
4,没有吊牌,商家处理不及时，说是有吊牌，买来的没有吊牌
4,吊牌商品无,平台所销售商品无吊牌
4,吊牌假货,假货，无吊牌
4,吊牌没有,商品衣服没有吊牌，三无产品
4,吊牌就像身份证,没有告知吊牌就像身份证，
4,三无产品没有资质,三无产品，商家没有资质，平台不处理
4,吊牌实物不符,收到商品吊牌与实物不符，非我购买的商品，店铺不认
4,吊牌损坏,商品吊牌损坏
4,吊牌货不对板,无吊牌！货不对板！
4,吊牌没有,没有吊牌 没有合格证
4,吊牌缺少,衣服缺少吊牌，假货吧
4,吊牌没有,没有吊牌不是全新退款
4,吊牌高于,商家高于吊牌价格太多，从中获取暴利，欺骗消费者，
4,吊牌没有,鞋子没有吊牌
16,吊牌没有,怀疑是三无产品
16,吊牌去掉,实物与图片不符，没有商标，去掉吊牌，都不知道是什么牌子的衣服
16,看不出来产品,看不出来是南极人的产品
19,客服无人,客服也无人回复，不知道怎么弄的噢。
19,客服无人,跟客服说了要退款，跟无人似的，
19,客服慢,客服回消息有点慢了。一直不回消息，发送人工或者订单都没有用，
19,客服慢,客服回消息有点慢，前面两天说处理售后 后面就不管了
19,客服慢,客服回消息有点慢啊，再给他发消息就不回我了。
19,客服慢,客服慢，想处理问题找不到人.
19,客服发货,客服无人发货，机器人敷衍 一直不解决问题
19,客服发货,客服无人发货啊，商家收款没有发货 
19,发货慢,客服发货有点慢了她们说30天内发货，一直等到3.20号结果没有发货，现已超出5天了
19,发货慢,客服发货有点慢，一直问他们为什么不发货，什么时候发货一直不回复信息
19,发货慢,客服发货有点慢啊，去淘宝客服投诉不处理
19,发货还行,客服发货还行，还可以吧
19,回消息有点慢,回消息有点慢，一个月过去了，我给商家发的消息也没有回应
19,商家回复,刚开始的时候商家还有回复，但是补发不回复消息 不知道怎么处理，希望给回复
19,回复还行,店铺回复消息速度还行，但是有时候客服没回复，没电话没消息，
19,回复还行,商家回复消息速度还行，但是说瞎话，不解决问题
19,回复不行,店铺回复速度不行，原保证半小时完成，结果一上午都没有解决。
19,回复还行,店铺回复消息的速度还行，这就是店铺态度！
19,回复还可以,店家回复消息的速度还可以的，但是为什么有时候已读消息不回复呢？
19,回复还行,刚开始的时候客服回复的速度还行，但是后来客服一直不回复没消息了
19,消息可以,客服回复消息的速度还算可以吧，说是老用户，但是后来一直不回复
19,消息还行,客服回消息的速度还行，但是客服回答很敷衍，后面发消息不回复
19,客服还行,哎，客服回消息还行，有的还查不到 速度慢
19,客服不回,客服不回复我的消息，三四个小时都没有人理，理了就一句话，然后过三分钟就自动关闭了
19,客服还行,客服回复我的消息还行，也没有恶意不回复消息。
20,说话还行,卖家说话还行，跟我玩拉扯，
20,还算礼貌,明确告诉过她们白天不要打，卖家还算有礼貌
20,卖家还可以,同城需要24小时配送，早早到了区域，卖家还可以
20,交流还行,卖家交流不太行，什么问题都不回答，而且挂电话
20,态度还行,卖家态度还行，但是打电话不接 
20,态度还可以,卖家态度还可以，但是声音特别大，我讲话的时候一直在喊不听我说
20,态度挺好,客服态度一直都挺好，但是不给我退钱，
20,态度不行,卖家说话的态度不太行，找官方客服，一直当机器人不作为。
20,态度还行,卖家说话态度还行，但是客服没有好的解决方案
20,态度随意,我说那就差评吧，他说随意，卖家的态度？
20,态度不好,打电话给客服，客服送给我送来了，结果根本也没有送来，一会换一个人重复电话，卖家的消息态度不太好
20,态度还可以,卖家发消息的态一般，让等电话，电话一直不回复，要求客服必须道歉
20,态度还行,客服发消息态度一般，厉害厉害，就是这样说话的
20,态度还算可以,客服发消息态度还算可以，但是不解决问题
20,态度还算行,和客服一直说话，客服发消息态度还算行
20,态度凑活,客服发消息态度凑活，几十块的东西而已
20,还行,客服发消息，嗯，说还行
20,态度一般,客服发消息态度一般，一味的把责任推到购买者身上
20,态度一般,寻找客服，客服态度一般
20,态度一般,运费我不管，客服态度十分一般
20,说话一般,客服说话一般，根本不能第一时间找到商家解决
20,水平一般,客服的说话水平一般，像个小学生
22,无奈退款,买错了，无奈最后退款了
32,客服态度很好,衣服很好，非常满意，客服态度很好，物流也很快
35,物流也很快,衣服很好，非常满意，客服态度很好，物流也很快
26,商品质量还可以,发货快，包装严实，商品质量还可以，客服服务态度也特别好，好评
35,发货快,发货快，包装严实，商品质量还可以，客服服务态度也特别好，好评
32,客服态度特别好,发货快，包装严实，商品质量还可以，客服服务态度也特别好，好评
32,客服非常不错,客服非常不错，耐心的解答了很多问题
34,售后处理五星好评,售后处理五星好评～其它就一个字 渣
33,个人的隐私很好的保护,包装很给力，很好的保护了个人的隐私
34,退换非常满意,跟客服说要退款，就直接可以退，退换不收任何费，我非常满意，666
16,牌子没有,衣服不符合吊牌的产品规格
16,三无产品好像是,这好像是三无产品吧哈？？？
16,商标就放袋子里,商标之类，就放袋子里，可能是为了锻炼我的针线能力吧
16,商标没有,服装没有吊牌商标噢
22,退换还行,标牌信息非常完整，但是衣服买错了就退货了，退换的时候还行
28,标牌信息非常完整,标牌信息非常完整，但是衣服买错了就退货了，退换的时候还行
22,想退款,想退款的时候，商家很快就回复了。
34,直接可以退,跟客服说要退款，就直接可以退，退换不收任何费，我非常满意，666
22,不想买退款,取消了不想买了，然后就退款了
22,运费还可以,对方出运费，还可以吧
22,平台退货退款,平台为我进行了退货退款
22,无理由退款,在七天无理由之内退款的
34,退换不收费,跟客服说要退款，就直接可以退，退换不收任何费，我非常满意，666
34,补偿很多,我没有买对，客服做出了很多补偿
34,补偿不错,售后不错，给出了补偿
34,退换货补偿很好,售后客服在退换货时给的补偿很好了
34,无理由很满意,这个店铺支持七天无理由退换，很满意很满意很满意
34,退款立马处理,提交了退款申请立马处理了
34,支持退款,客服售后服务很合理，支持客户退款